venta_id,timestamp,timestamp_iso,producto_id,producto,cantidad,precio_unitario,total
413,2026-04-18 00:06:27+00:00,2026-04-18T00:06:27Z,P003,Leche,3,1.8,5.4
552,2026-04-18 00:26:24+00:00,2026-04-18T00:26:24Z,P002,Pan,2,1.2,2.4
454,2026-04-18 00:36:38+00:00,2026-04-18T00:36:38Z,P002,Pan,4,1.2,4.8
934,2026-04-18 00:38:25+00:00,2026-04-18T00:38:25Z,P002,Pan,1,1.2,1.2
795,2026-04-18 00:42:53+00:00,2026-04-18T00:42:53Z,P006,Queso,2,4.5,9.0
1035,2026-04-18 00:43:13+00:00,2026-04-18T00:43:13Z,P007,Galletas,2,1.6,3.2
822,2026-04-18 00:46:15+00:00,2026-04-18T00:46:15Z,P004,Huevos,2,3.9,7.8
879,2026-04-18 00:47:03+00:00,2026-04-18T00:47:03Z,P007,Galletas,3,1.6,4.8
108,2026-04-18 00:48:55+00:00,2026-04-18T00:48:55Z,P002,Pan,2,1.2,2.4
933,2026-04-18 00:55:35+00:00,2026-04-18T00:55:35Z,P003,Leche,1,1.8,1.8
967,2026-04-18 00:56:08+00:00,2026-04-18T00:56:08Z,P008,Jugo,1,2.9,2.9
1071,2026-04-18 00:59:31+00:00,2026-04-18T00:59:31Z,P008,Jugo,1,2.9,2.9
1080,2026-04-18 01:03:34+00:00,2026-04-18T01:03:34Z,P001,Café,1,2.5,2.5
576,2026-04-18 01:06:18+00:00,2026-04-18T01:06:18Z,P007,Galletas,4,1.6,6.4
1190,2026-04-18 01:17:26+00:00,2026-04-18T01:17:26Z,P004,Huevos,2,3.9,7.8
194,2026-04-18 01:26:05+00:00,2026-04-18T01:26:05Z,P004,Huevos,5,3.9,19.5
160,2026-04-18 01:34:08+00:00,2026-04-18T01:34:08Z,P005,Arroz,1,2.1,2.1
524,2026-04-18 01:34:35+00:00,2026-04-18T01:34:35Z,P007,Galletas,1,1.6,1.6
41,2026-04-18 01:35:14+00:00,2026-04-18T01:35:14Z,P004,Huevos,1,3.9,3.9
925,2026-04-18 01:43:07+00:00,2026-04-18T01:43:07Z,P001,Café,2,2.5,5.0
83,2026-04-18 01:47:59+00:00,2026-04-18T01:47:59Z,P006,Queso,2,4.5,9.0
353,2026-04-18 01:50:04+00:00,2026-04-18T01:50:04Z,P006,Queso,1,4.5,4.5
1165,2026-04-18 01:55:56+00:00,2026-04-18T01:55:56Z,P007,Galletas,1,1.6,1.6
213,2026-04-18 02:04:15+00:00,2026-04-18T02:04:15Z,P005,Arroz,5,2.1,10.5
3,2026-04-18 02:05:13+00:00,2026-04-18T02:05:13Z,P004,Huevos,1,3.9,3.9
1112,2026-04-18 02:06:31+00:00,2026-04-18T02:06:31Z,P004,Huevos,1,3.9,3.9
751,2026-04-18 02:10:40+00:00,2026-04-18T02:10:40Z,P005,Arroz,4,2.1,8.4
4,2026-04-18 02:12:45+00:00,2026-04-18T02:12:45Z,P007,Galletas,1,1.6,1.6
231,2026-04-18 02:23:46+00:00,2026-04-18T02:23:46Z,P003,Leche,1,1.8,1.8
1060,2026-04-18 02:25:33+00:00,2026-04-18T02:25:33Z,P002,Pan,1,1.2,1.2
207,2026-04-18 02:32:37+00:00,2026-04-18T02:32:37Z,P006,Queso,3,4.5,13.5
717,2026-04-18 02:44:22+00:00,2026-04-18T02:44:22Z,P003,Leche,2,1.8,3.6
831,2026-04-18 03:06:41+00:00,2026-04-18T03:06:41Z,P001,Café,1,2.5,2.5
358,2026-04-18 03:12:56+00:00,2026-04-18T03:12:56Z,P001,Café,1,2.5,2.5
478,2026-04-18 03:22:44+00:00,2026-04-18T03:22:44Z,P002,Pan,1,1.2,1.2
328,2026-04-18 03:23:43+00:00,2026-04-18T03:23:43Z,P004,Huevos,4,3.9,15.6
898,2026-04-18 03:24:24+00:00,2026-04-18T03:24:24Z,P007,Galletas,4,1.6,6.4
986,2026-04-18 03:33:27+00:00,2026-04-18T03:33:27Z,P004,Huevos,4,3.9,15.6
361,2026-04-18 03:41:21+00:00,2026-04-18T03:41:21Z,P005,Arroz,1,2.1,2.1
572,2026-04-18 03:41:43+00:00,2026-04-18T03:41:43Z,P007,Galletas,4,1.6,6.4
1194,2026-04-18 03:47:52+00:00,2026-04-18T03:47:52Z,P007,Galletas,2,1.6,3.2
368,2026-04-18 03:55:58+00:00,2026-04-18T03:55:58Z,P006,Queso,2,4.5,9.0
465,2026-04-18 04:07:29+00:00,2026-04-18T04:07:29Z,P005,Arroz,1,2.1,2.1
893,2026-04-18 04:17:48+00:00,2026-04-18T04:17:48Z,P003,Leche,5,1.8,9.0
161,2026-04-18 04:18:44+00:00,2026-04-18T04:18:44Z,P003,Leche,2,1.8,3.6
216,2026-04-18 04:22:23+00:00,2026-04-18T04:22:23Z,P007,Galletas,1,1.6,1.6
555,2026-04-18 04:27:17+00:00,2026-04-18T04:27:17Z,P007,Galletas,1,1.6,1.6
334,2026-04-18 04:30:55+00:00,2026-04-18T04:30:55Z,P006,Queso,2,4.5,9.0
415,2026-04-18 04:35:12+00:00,2026-04-18T04:35:12Z,P006,Queso,2,4.5,9.0
1117,2026-04-18 04:35:47+00:00,2026-04-18T04:35:47Z,P007,Galletas,3,1.6,4.8
57,2026-04-18 04:37:30+00:00,2026-04-18T04:37:30Z,P003,Leche,1,1.8,1.8
1156,2026-04-18 04:39:59+00:00,2026-04-18T04:39:59Z,P003,Leche,3,1.8,5.4
315,2026-04-18 04:40:41+00:00,2026-04-18T04:40:41Z,P006,Queso,1,4.5,4.5
47,2026-04-18 04:41:41+00:00,2026-04-18T04:41:41Z,P002,Pan,1,1.2,1.2
1139,2026-04-18 04:49:21+00:00,2026-04-18T04:49:21Z,P006,Queso,3,4.5,13.5
357,2026-04-18 04:49:29+00:00,2026-04-18T04:49:29Z,P001,Café,1,2.5,2.5
479,2026-04-18 04:57:04+00:00,2026-04-18T04:57:04Z,P008,Jugo,1,2.9,2.9
645,2026-04-18 04:57:50+00:00,2026-04-18T04:57:50Z,P004,Huevos,1,3.9,3.9
1011,2026-04-18 05:05:35+00:00,2026-04-18T05:05:35Z,P005,Arroz,2,2.1,4.2
940,2026-04-18 05:06:12+00:00,2026-04-18T05:06:12Z,P008,Jugo,4,2.9,11.6
1078,2026-04-18 05:08:18+00:00,2026-04-18T05:08:18Z,P002,Pan,2,1.2,2.4
176,2026-04-18 05:10:50+00:00,2026-04-18T05:10:50Z,P005,Arroz,2,2.1,4.2
650,2026-04-18 05:16:13+00:00,2026-04-18T05:16:13Z,P001,Café,4,2.5,10.0
670,2026-04-18 05:23:07+00:00,2026-04-18T05:23:07Z,P001,Café,1,2.5,2.5
307,2026-04-18 05:29:28+00:00,2026-04-18T05:29:28Z,P001,Café,1,2.5,2.5
1086,2026-04-18 05:30:11+00:00,2026-04-18T05:30:11Z,P004,Huevos,3,3.9,11.7
416,2026-04-18 05:32:28+00:00,2026-04-18T05:32:28Z,P005,Arroz,3,2.1,6.3
489,2026-04-18 05:38:02+00:00,2026-04-18T05:38:02Z,P008,Jugo,2,2.9,5.8
968,2026-04-18 05:41:17+00:00,2026-04-18T05:41:17Z,P004,Huevos,1,3.9,3.9
142,2026-04-18 05:41:21+00:00,2026-04-18T05:41:21Z,P001,Café,3,2.5,7.5
95,2026-04-18 05:42:58+00:00,2026-04-18T05:42:58Z,P006,Queso,2,4.5,9.0
372,2026-04-18 05:49:41+00:00,2026-04-18T05:49:41Z,P006,Queso,1,4.5,4.5
617,2026-04-18 05:50:56+00:00,2026-04-18T05:50:56Z,P002,Pan,1,1.2,1.2
741,2026-04-18 05:54:02+00:00,2026-04-18T05:54:02Z,P005,Arroz,1,2.1,2.1
927,2026-04-18 05:59:32+00:00,2026-04-18T05:59:32Z,P002,Pan,1,1.2,1.2
131,2026-04-18 06:01:47+00:00,2026-04-18T06:01:47Z,P001,Café,5,2.5,12.5
600,2026-04-18 06:01:50+00:00,2026-04-18T06:01:50Z,P004,Huevos,1,3.9,3.9
631,2026-04-18 06:06:00+00:00,2026-04-18T06:06:00Z,P004,Huevos,1,3.9,3.9
640,2026-04-18 06:06:08+00:00,2026-04-18T06:06:08Z,P002,Pan,2,1.2,2.4
527,2026-04-18 06:09:15+00:00,2026-04-18T06:09:15Z,P004,Huevos,2,3.9,7.8
843,2026-04-18 06:11:55+00:00,2026-04-18T06:11:55Z,P001,Café,3,2.5,7.5
746,2026-04-18 06:13:12+00:00,2026-04-18T06:13:12Z,P007,Galletas,2,1.6,3.2
171,2026-04-18 06:15:11+00:00,2026-04-18T06:15:11Z,P002,Pan,1,1.2,1.2
1081,2026-04-18 06:17:08+00:00,2026-04-18T06:17:08Z,P008,Jugo,2,2.9,5.8
1009,2026-04-18 06:17:49+00:00,2026-04-18T06:17:49Z,P007,Galletas,1,1.6,1.6
635,2026-04-18 06:20:23+00:00,2026-04-18T06:20:23Z,P005,Arroz,1,2.1,2.1
410,2026-04-18 06:25:32+00:00,2026-04-18T06:25:32Z,P008,Jugo,4,2.9,11.6
841,2026-04-18 06:32:04+00:00,2026-04-18T06:32:04Z,P002,Pan,3,1.2,3.6
551,2026-04-18 06:35:05+00:00,2026-04-18T06:35:05Z,P006,Queso,3,4.5,13.5
263,2026-04-18 06:38:09+00:00,2026-04-18T06:38:09Z,P002,Pan,1,1.2,1.2
365,2026-04-18 06:38:52+00:00,2026-04-18T06:38:52Z,P003,Leche,1,1.8,1.8
1097,2026-04-18 06:39:21+00:00,2026-04-18T06:39:21Z,P001,Café,1,2.5,2.5
461,2026-04-18 06:42:06+00:00,2026-04-18T06:42:06Z,P003,Leche,5,1.8,9.0
713,2026-04-18 06:42:15+00:00,2026-04-18T06:42:15Z,P005,Arroz,1,2.1,2.1
316,2026-04-18 06:43:24+00:00,2026-04-18T06:43:24Z,P005,Arroz,1,2.1,2.1
579,2026-04-18 06:46:44+00:00,2026-04-18T06:46:44Z,P008,Jugo,1,2.9,2.9
845,2026-04-18 06:48:56+00:00,2026-04-18T06:48:56Z,P001,Café,1,2.5,2.5
325,2026-04-18 06:49:34+00:00,2026-04-18T06:49:34Z,P001,Café,2,2.5,5.0
691,2026-04-18 06:51:43+00:00,2026-04-18T06:51:43Z,P005,Arroz,3,2.1,6.3
750,2026-04-18 06:52:42+00:00,2026-04-18T06:52:42Z,P008,Jugo,1,2.9,2.9
577,2026-04-18 06:53:46+00:00,2026-04-18T06:53:46Z,P003,Leche,1,1.8,1.8
533,2026-04-18 06:54:27+00:00,2026-04-18T06:54:27Z,P006,Queso,2,4.5,9.0
335,2026-04-18 06:54:33+00:00,2026-04-18T06:54:33Z,P002,Pan,1,1.2,1.2
607,2026-04-18 06:55:07+00:00,2026-04-18T06:55:07Z,P004,Huevos,1,3.9,3.9
218,2026-04-18 06:55:24+00:00,2026-04-18T06:55:24Z,P004,Huevos,1,3.9,3.9
760,2026-04-18 06:57:54+00:00,2026-04-18T06:57:54Z,P001,Café,1,2.5,2.5
654,2026-04-18 06:58:13+00:00,2026-04-18T06:58:13Z,P003,Leche,1,1.8,1.8
337,2026-04-18 06:58:14+00:00,2026-04-18T06:58:14Z,P008,Jugo,3,2.9,8.7
659,2026-04-18 07:00:10+00:00,2026-04-18T07:00:10Z,P008,Jugo,4,2.9,11.6
242,2026-04-18 07:02:02+00:00,2026-04-18T07:02:02Z,P005,Arroz,5,2.1,10.5
105,2026-04-18 07:02:15+00:00,2026-04-18T07:02:15Z,P008,Jugo,2,2.9,5.8
379,2026-04-18 07:04:28+00:00,2026-04-18T07:04:28Z,P003,Leche,3,1.8,5.4
2,2026-04-18 07:06:43+00:00,2026-04-18T07:06:43Z,P002,Pan,2,1.2,2.4
603,2026-04-18 07:07:17+00:00,2026-04-18T07:07:17Z,P006,Queso,1,4.5,4.5
70,2026-04-18 07:07:56+00:00,2026-04-18T07:07:56Z,P002,Pan,2,1.2,2.4
468,2026-04-18 07:09:29+00:00,2026-04-18T07:09:29Z,P006,Queso,1,4.5,4.5
957,2026-04-18 07:10:11+00:00,2026-04-18T07:10:11Z,P003,Leche,2,1.8,3.6
974,2026-04-18 07:10:16+00:00,2026-04-18T07:10:16Z,P003,Leche,1,1.8,1.8
457,2026-04-18 07:10:46+00:00,2026-04-18T07:10:46Z,P008,Jugo,2,2.9,5.8
791,2026-04-18 07:11:38+00:00,2026-04-18T07:11:38Z,P001,Café,1,2.5,2.5
981,2026-04-18 07:12:33+00:00,2026-04-18T07:12:33Z,P007,Galletas,3,1.6,4.8
609,2026-04-18 07:13:52+00:00,2026-04-18T07:13:52Z,P004,Huevos,3,3.9,11.7
632,2026-04-18 07:14:33+00:00,2026-04-18T07:14:33Z,P008,Jugo,1,2.9,2.9
243,2026-04-18 07:15:56+00:00,2026-04-18T07:15:56Z,P003,Leche,1,1.8,1.8
75,2026-04-18 07:16:10+00:00,2026-04-18T07:16:10Z,P008,Jugo,2,2.9,5.8
341,2026-04-18 07:18:58+00:00,2026-04-18T07:18:58Z,P008,Jugo,2,2.9,5.8
567,2026-04-18 07:19:15+00:00,2026-04-18T07:19:15Z,P005,Arroz,2,2.1,4.2
420,2026-04-18 07:21:51+00:00,2026-04-18T07:21:51Z,P008,Jugo,1,2.9,2.9
66,2026-04-18 07:22:56+00:00,2026-04-18T07:22:56Z,P002,Pan,3,1.2,3.6
224,2026-04-18 07:24:36+00:00,2026-04-18T07:24:36Z,P006,Queso,2,4.5,9.0
425,2026-04-18 07:26:37+00:00,2026-04-18T07:26:37Z,P005,Arroz,2,2.1,4.2
763,2026-04-18 07:27:05+00:00,2026-04-18T07:27:05Z,P007,Galletas,1,1.6,1.6
993,2026-04-18 07:27:41+00:00,2026-04-18T07:27:41Z,P005,Arroz,1,2.1,2.1
405,2026-04-18 07:28:15+00:00,2026-04-18T07:28:15Z,P003,Leche,1,1.8,1.8
832,2026-04-18 07:28:24+00:00,2026-04-18T07:28:24Z,P002,Pan,1,1.2,1.2
128,2026-04-18 07:29:11+00:00,2026-04-18T07:29:11Z,P001,Café,1,2.5,2.5
500,2026-04-18 07:29:58+00:00,2026-04-18T07:29:58Z,P001,Café,2,2.5,5.0
733,2026-04-18 07:31:09+00:00,2026-04-18T07:31:09Z,P006,Queso,2,4.5,9.0
646,2026-04-18 07:31:40+00:00,2026-04-18T07:31:40Z,P002,Pan,1,1.2,1.2
865,2026-04-18 07:31:47+00:00,2026-04-18T07:31:47Z,P001,Café,1,2.5,2.5
259,2026-04-18 07:32:14+00:00,2026-04-18T07:32:14Z,P001,Café,2,2.5,5.0
456,2026-04-18 07:32:29+00:00,2026-04-18T07:32:29Z,P005,Arroz,1,2.1,2.1
390,2026-04-18 07:32:58+00:00,2026-04-18T07:32:58Z,P001,Café,3,2.5,7.5
447,2026-04-18 07:35:59+00:00,2026-04-18T07:35:59Z,P003,Leche,1,1.8,1.8
768,2026-04-18 07:36:37+00:00,2026-04-18T07:36:37Z,P002,Pan,4,1.2,4.8
984,2026-04-18 07:38:34+00:00,2026-04-18T07:38:34Z,P001,Café,3,2.5,7.5
371,2026-04-18 07:38:43+00:00,2026-04-18T07:38:43Z,P008,Jugo,1,2.9,2.9
705,2026-04-18 07:39:39+00:00,2026-04-18T07:39:39Z,P004,Huevos,2,3.9,7.8
1177,2026-04-18 07:41:08+00:00,2026-04-18T07:41:08Z,P004,Huevos,3,3.9,11.7
846,2026-04-18 07:41:10+00:00,2026-04-18T07:41:10Z,P006,Queso,1,4.5,4.5
63,2026-04-18 07:41:19+00:00,2026-04-18T07:41:19Z,P008,Jugo,1,2.9,2.9
948,2026-04-18 07:41:38+00:00,2026-04-18T07:41:38Z,P002,Pan,3,1.2,3.6
494,2026-04-18 07:42:33+00:00,2026-04-18T07:42:33Z,P004,Huevos,1,3.9,3.9
287,2026-04-18 07:43:43+00:00,2026-04-18T07:43:43Z,P008,Jugo,1,2.9,2.9
1065,2026-04-18 07:44:34+00:00,2026-04-18T07:44:34Z,P003,Leche,2,1.8,3.6
342,2026-04-18 07:45:30+00:00,2026-04-18T07:45:30Z,P008,Jugo,2,2.9,5.8
888,2026-04-18 07:45:41+00:00,2026-04-18T07:45:41Z,P003,Leche,1,1.8,1.8
262,2026-04-18 07:45:58+00:00,2026-04-18T07:45:58Z,P008,Jugo,1,2.9,2.9
723,2026-04-18 07:45:58+00:00,2026-04-18T07:45:58Z,P003,Leche,2,1.8,3.6
376,2026-04-18 07:47:11+00:00,2026-04-18T07:47:11Z,P008,Jugo,1,2.9,2.9
21,2026-04-18 07:47:35+00:00,2026-04-18T07:47:35Z,P005,Arroz,2,2.1,4.2
661,2026-04-18 07:49:55+00:00,2026-04-18T07:49:55Z,P005,Arroz,2,2.1,4.2
255,2026-04-18 07:55:01+00:00,2026-04-18T07:55:01Z,P003,Leche,1,1.8,1.8
209,2026-04-18 07:55:41+00:00,2026-04-18T07:55:41Z,P003,Leche,1,1.8,1.8
27,2026-04-18 07:56:34+00:00,2026-04-18T07:56:34Z,P005,Arroz,2,2.1,4.2
662,2026-04-18 07:57:01+00:00,2026-04-18T07:57:01Z,P006,Queso,3,4.5,13.5
1101,2026-04-18 07:57:02+00:00,2026-04-18T07:57:02Z,P008,Jugo,2,2.9,5.8
421,2026-04-18 07:57:32+00:00,2026-04-18T07:57:32Z,P003,Leche,1,1.8,1.8
1028,2026-04-18 07:58:05+00:00,2026-04-18T07:58:05Z,P008,Jugo,2,2.9,5.8
54,2026-04-18 08:00:24+00:00,2026-04-18T08:00:24Z,P005,Arroz,4,2.1,8.4
1057,2026-04-18 08:01:08+00:00,2026-04-18T08:01:08Z,P004,Huevos,2,3.9,7.8
719,2026-04-18 08:02:05+00:00,2026-04-18T08:02:05Z,P001,Café,1,2.5,2.5
952,2026-04-18 08:02:35+00:00,2026-04-18T08:02:35Z,P005,Arroz,1,2.1,2.1
1075,2026-04-18 08:05:27+00:00,2026-04-18T08:05:27Z,P004,Huevos,1,3.9,3.9
1068,2026-04-18 08:05:28+00:00,2026-04-18T08:05:28Z,P005,Arroz,1,2.1,2.1
1003,2026-04-18 08:05:38+00:00,2026-04-18T08:05:38Z,P001,Café,2,2.5,5.0
1093,2026-04-18 08:07:15+00:00,2026-04-18T08:07:15Z,P007,Galletas,1,1.6,1.6
157,2026-04-18 08:07:47+00:00,2026-04-18T08:07:47Z,P003,Leche,1,1.8,1.8
812,2026-04-18 08:07:55+00:00,2026-04-18T08:07:55Z,P007,Galletas,1,1.6,1.6
1184,2026-04-18 08:08:11+00:00,2026-04-18T08:08:11Z,P001,Café,2,2.5,5.0
828,2026-04-18 08:08:13+00:00,2026-04-18T08:08:13Z,P001,Café,2,2.5,5.0
280,2026-04-18 08:09:36+00:00,2026-04-18T08:09:36Z,P007,Galletas,1,1.6,1.6
538,2026-04-18 08:09:48+00:00,2026-04-18T08:09:48Z,P007,Galletas,4,1.6,6.4
704,2026-04-18 08:11:17+00:00,2026-04-18T08:11:17Z,P005,Arroz,1,2.1,2.1
118,2026-04-18 08:13:04+00:00,2026-04-18T08:13:04Z,P007,Galletas,1,1.6,1.6
522,2026-04-18 08:13:32+00:00,2026-04-18T08:13:32Z,P008,Jugo,1,2.9,2.9
1189,2026-04-18 08:14:02+00:00,2026-04-18T08:14:02Z,P007,Galletas,2,1.6,3.2
515,2026-04-18 08:14:24+00:00,2026-04-18T08:14:24Z,P004,Huevos,1,3.9,3.9
436,2026-04-18 08:15:17+00:00,2026-04-18T08:15:17Z,P005,Arroz,1,2.1,2.1
80,2026-04-18 08:15:42+00:00,2026-04-18T08:15:42Z,P002,Pan,1,1.2,1.2
1027,2026-04-18 08:15:53+00:00,2026-04-18T08:15:53Z,P006,Queso,1,4.5,4.5
554,2026-04-18 08:17:19+00:00,2026-04-18T08:17:19Z,P005,Arroz,1,2.1,2.1
1094,2026-04-18 08:17:37+00:00,2026-04-18T08:17:37Z,P002,Pan,1,1.2,1.2
14,2026-04-18 08:17:44+00:00,2026-04-18T08:17:44Z,P002,Pan,2,1.2,2.4
71,2026-04-18 08:18:38+00:00,2026-04-18T08:18:38Z,P004,Huevos,2,3.9,7.8
1105,2026-04-18 08:18:52+00:00,2026-04-18T08:18:52Z,P005,Arroz,1,2.1,2.1
137,2026-04-18 08:19:06+00:00,2026-04-18T08:19:06Z,P001,Café,4,2.5,10.0
690,2026-04-18 08:19:29+00:00,2026-04-18T08:19:29Z,P005,Arroz,3,2.1,6.3
88,2026-04-18 08:21:17+00:00,2026-04-18T08:21:17Z,P002,Pan,4,1.2,4.8
872,2026-04-18 08:21:22+00:00,2026-04-18T08:21:22Z,P005,Arroz,1,2.1,2.1
411,2026-04-18 08:22:03+00:00,2026-04-18T08:22:03Z,P001,Café,1,2.5,2.5
1103,2026-04-18 08:22:20+00:00,2026-04-18T08:22:20Z,P008,Jugo,1,2.9,2.9
1170,2026-04-18 08:22:43+00:00,2026-04-18T08:22:43Z,P006,Queso,1,4.5,4.5
638,2026-04-18 08:22:46+00:00,2026-04-18T08:22:46Z,P004,Huevos,2,3.9,7.8
190,2026-04-18 08:23:39+00:00,2026-04-18T08:23:39Z,P008,Jugo,2,2.9,5.8
829,2026-04-18 08:23:45+00:00,2026-04-18T08:23:45Z,P001,Café,1,2.5,2.5
291,2026-04-18 08:24:34+00:00,2026-04-18T08:24:34Z,P004,Huevos,1,3.9,3.9
598,2026-04-18 08:24:35+00:00,2026-04-18T08:24:35Z,P008,Jugo,1,2.9,2.9
814,2026-04-18 08:26:36+00:00,2026-04-18T08:26:36Z,P008,Jugo,1,2.9,2.9
639,2026-04-18 08:26:39+00:00,2026-04-18T08:26:39Z,P008,Jugo,3,2.9,8.7
6,2026-04-18 08:27:21+00:00,2026-04-18T08:27:21Z,P005,Arroz,1,2.1,2.1
49,2026-04-18 08:28:08+00:00,2026-04-18T08:28:08Z,P007,Galletas,1,1.6,1.6
550,2026-04-18 08:28:35+00:00,2026-04-18T08:28:35Z,P007,Galletas,1,1.6,1.6
626,2026-04-18 08:29:00+00:00,2026-04-18T08:29:00Z,P007,Galletas,1,1.6,1.6
649,2026-04-18 08:30:49+00:00,2026-04-18T08:30:49Z,P002,Pan,1,1.2,1.2
917,2026-04-18 08:32:05+00:00,2026-04-18T08:32:05Z,P002,Pan,1,1.2,1.2
419,2026-04-18 08:32:25+00:00,2026-04-18T08:32:25Z,P001,Café,1,2.5,2.5
720,2026-04-18 08:33:30+00:00,2026-04-18T08:33:30Z,P001,Café,1,2.5,2.5
183,2026-04-18 08:33:41+00:00,2026-04-18T08:33:41Z,P008,Jugo,3,2.9,8.7
1121,2026-04-18 08:33:42+00:00,2026-04-18T08:33:42Z,P004,Huevos,2,3.9,7.8
804,2026-04-18 08:34:40+00:00,2026-04-18T08:34:40Z,P008,Jugo,3,2.9,8.7
184,2026-04-18 08:37:27+00:00,2026-04-18T08:37:27Z,P008,Jugo,4,2.9,11.6
139,2026-04-18 08:37:44+00:00,2026-04-18T08:37:44Z,P004,Huevos,1,3.9,3.9
402,2026-04-18 08:38:09+00:00,2026-04-18T08:38:09Z,P006,Queso,3,4.5,13.5
969,2026-04-18 08:38:45+00:00,2026-04-18T08:38:45Z,P002,Pan,2,1.2,2.4
378,2026-04-18 08:39:18+00:00,2026-04-18T08:39:18Z,P008,Jugo,1,2.9,2.9
296,2026-04-18 08:39:29+00:00,2026-04-18T08:39:29Z,P006,Queso,1,4.5,4.5
1149,2026-04-18 08:39:47+00:00,2026-04-18T08:39:47Z,P004,Huevos,1,3.9,3.9
973,2026-04-18 08:40:32+00:00,2026-04-18T08:40:32Z,P001,Café,3,2.5,7.5
250,2026-04-18 08:40:38+00:00,2026-04-18T08:40:38Z,P001,Café,1,2.5,2.5
919,2026-04-18 08:40:49+00:00,2026-04-18T08:40:49Z,P004,Huevos,3,3.9,11.7
72,2026-04-18 08:40:54+00:00,2026-04-18T08:40:54Z,P005,Arroz,1,2.1,2.1
700,2026-04-18 08:41:28+00:00,2026-04-18T08:41:28Z,P003,Leche,1,1.8,1.8
1141,2026-04-18 08:41:54+00:00,2026-04-18T08:41:54Z,P001,Café,2,2.5,5.0
98,2026-04-18 08:42:24+00:00,2026-04-18T08:42:24Z,P003,Leche,2,1.8,3.6
584,2026-04-18 08:42:27+00:00,2026-04-18T08:42:27Z,P007,Galletas,1,1.6,1.6
903,2026-04-18 08:43:04+00:00,2026-04-18T08:43:04Z,P003,Leche,4,1.8,7.2
331,2026-04-18 08:43:36+00:00,2026-04-18T08:43:36Z,P008,Jugo,1,2.9,2.9
530,2026-04-18 08:43:52+00:00,2026-04-18T08:43:52Z,P002,Pan,2,1.2,2.4
135,2026-04-18 08:44:16+00:00,2026-04-18T08:44:16Z,P006,Queso,1,4.5,4.5
756,2026-04-18 08:44:42+00:00,2026-04-18T08:44:42Z,P002,Pan,1,1.2,1.2
327,2026-04-18 08:44:49+00:00,2026-04-18T08:44:49Z,P003,Leche,2,1.8,3.6
62,2026-04-18 08:45:20+00:00,2026-04-18T08:45:20Z,P004,Huevos,1,3.9,3.9
547,2026-04-18 08:45:50+00:00,2026-04-18T08:45:50Z,P003,Leche,2,1.8,3.6
1091,2026-04-18 08:46:02+00:00,2026-04-18T08:46:02Z,P002,Pan,1,1.2,1.2
15,2026-04-18 08:46:15+00:00,2026-04-18T08:46:15Z,P003,Leche,1,1.8,1.8
507,2026-04-18 08:47:07+00:00,2026-04-18T08:47:07Z,P008,Jugo,3,2.9,8.7
1026,2026-04-18 08:47:15+00:00,2026-04-18T08:47:15Z,P005,Arroz,1,2.1,2.1
1074,2026-04-18 08:47:41+00:00,2026-04-18T08:47:41Z,P007,Galletas,3,1.6,4.8
505,2026-04-18 08:48:37+00:00,2026-04-18T08:48:37Z,P004,Huevos,1,3.9,3.9
284,2026-04-18 08:48:39+00:00,2026-04-18T08:48:39Z,P001,Café,2,2.5,5.0
1096,2026-04-18 08:49:05+00:00,2026-04-18T08:49:05Z,P004,Huevos,1,3.9,3.9
300,2026-04-18 08:49:22+00:00,2026-04-18T08:49:22Z,P006,Queso,2,4.5,9.0
954,2026-04-18 08:49:37+00:00,2026-04-18T08:49:37Z,P005,Arroz,1,2.1,2.1
100,2026-04-18 08:50:37+00:00,2026-04-18T08:50:37Z,P006,Queso,1,4.5,4.5
818,2026-04-18 08:50:48+00:00,2026-04-18T08:50:48Z,P002,Pan,1,1.2,1.2
109,2026-04-18 08:51:44+00:00,2026-04-18T08:51:44Z,P008,Jugo,1,2.9,2.9
718,2026-04-18 08:51:56+00:00,2026-04-18T08:51:56Z,P008,Jugo,1,2.9,2.9
881,2026-04-18 08:52:08+00:00,2026-04-18T08:52:08Z,P002,Pan,1,1.2,1.2
86,2026-04-18 08:52:58+00:00,2026-04-18T08:52:58Z,P008,Jugo,1,2.9,2.9
937,2026-04-18 08:53:16+00:00,2026-04-18T08:53:16Z,P004,Huevos,1,3.9,3.9
487,2026-04-18 08:56:46+00:00,2026-04-18T08:56:46Z,P002,Pan,1,1.2,1.2
434,2026-04-18 08:58:34+00:00,2026-04-18T08:58:34Z,P006,Queso,1,4.5,4.5
960,2026-04-18 08:58:50+00:00,2026-04-18T08:58:50Z,P006,Queso,1,4.5,4.5
827,2026-04-18 08:58:58+00:00,2026-04-18T08:58:58Z,P007,Galletas,1,1.6,1.6
1186,2026-04-18 09:01:22+00:00,2026-04-18T09:01:22Z,P002,Pan,2,1.2,2.4
1095,2026-04-18 09:02:37+00:00,2026-04-18T09:02:37Z,P008,Jugo,2,2.9,5.8
56,2026-04-18 09:03:37+00:00,2026-04-18T09:03:37Z,P001,Café,2,2.5,5.0
907,2026-04-18 09:03:49+00:00,2026-04-18T09:03:49Z,P005,Arroz,1,2.1,2.1
687,2026-04-18 09:04:12+00:00,2026-04-18T09:04:12Z,P003,Leche,2,1.8,3.6
663,2026-04-18 09:04:16+00:00,2026-04-18T09:04:16Z,P002,Pan,1,1.2,1.2
388,2026-04-18 09:04:28+00:00,2026-04-18T09:04:28Z,P008,Jugo,2,2.9,5.8
824,2026-04-18 09:04:52+00:00,2026-04-18T09:04:52Z,P001,Café,1,2.5,2.5
366,2026-04-18 09:05:20+00:00,2026-04-18T09:05:20Z,P005,Arroz,1,2.1,2.1
339,2026-04-18 09:05:23+00:00,2026-04-18T09:05:23Z,P004,Huevos,1,3.9,3.9
748,2026-04-18 09:06:03+00:00,2026-04-18T09:06:03Z,P007,Galletas,2,1.6,3.2
742,2026-04-18 09:06:04+00:00,2026-04-18T09:06:04Z,P006,Queso,1,4.5,4.5
548,2026-04-18 09:06:05+00:00,2026-04-18T09:06:05Z,P001,Café,4,2.5,10.0
665,2026-04-18 09:06:57+00:00,2026-04-18T09:06:57Z,P002,Pan,1,1.2,1.2
290,2026-04-18 09:07:00+00:00,2026-04-18T09:07:00Z,P008,Jugo,2,2.9,5.8
689,2026-04-18 09:07:34+00:00,2026-04-18T09:07:34Z,P006,Queso,4,4.5,18.0
249,2026-04-18 09:07:54+00:00,2026-04-18T09:07:54Z,P008,Jugo,1,2.9,2.9
707,2026-04-18 09:08:26+00:00,2026-04-18T09:08:26Z,P004,Huevos,2,3.9,7.8
257,2026-04-18 09:08:47+00:00,2026-04-18T09:08:47Z,P007,Galletas,1,1.6,1.6
1082,2026-04-18 09:09:00+00:00,2026-04-18T09:09:00Z,P008,Jugo,1,2.9,2.9
726,2026-04-18 09:10:46+00:00,2026-04-18T09:10:46Z,P007,Galletas,2,1.6,3.2
82,2026-04-18 09:10:51+00:00,2026-04-18T09:10:51Z,P003,Leche,3,1.8,5.4
694,2026-04-18 09:11:01+00:00,2026-04-18T09:11:01Z,P007,Galletas,3,1.6,4.8
302,2026-04-18 09:11:38+00:00,2026-04-18T09:11:38Z,P003,Leche,2,1.8,3.6
730,2026-04-18 09:11:46+00:00,2026-04-18T09:11:46Z,P001,Café,4,2.5,10.0
512,2026-04-18 09:13:23+00:00,2026-04-18T09:13:23Z,P006,Queso,1,4.5,4.5
491,2026-04-18 09:13:48+00:00,2026-04-18T09:13:48Z,P001,Café,1,2.5,2.5
289,2026-04-18 09:13:49+00:00,2026-04-18T09:13:49Z,P003,Leche,2,1.8,3.6
711,2026-04-18 09:14:01+00:00,2026-04-18T09:14:01Z,P005,Arroz,1,2.1,2.1
288,2026-04-18 09:14:25+00:00,2026-04-18T09:14:25Z,P001,Café,1,2.5,2.5
945,2026-04-18 09:14:45+00:00,2026-04-18T09:14:45Z,P007,Galletas,1,1.6,1.6
592,2026-04-18 09:15:19+00:00,2026-04-18T09:15:19Z,P002,Pan,1,1.2,1.2
736,2026-04-18 09:15:44+00:00,2026-04-18T09:15:44Z,P002,Pan,1,1.2,1.2
959,2026-04-18 09:16:23+00:00,2026-04-18T09:16:23Z,P004,Huevos,1,3.9,3.9
174,2026-04-18 09:16:50+00:00,2026-04-18T09:16:50Z,P004,Huevos,1,3.9,3.9
1037,2026-04-18 09:17:30+00:00,2026-04-18T09:17:30Z,P006,Queso,1,4.5,4.5
1022,2026-04-18 09:18:05+00:00,2026-04-18T09:18:05Z,P007,Galletas,2,1.6,3.2
1062,2026-04-18 09:18:28+00:00,2026-04-18T09:18:28Z,P003,Leche,1,1.8,1.8
1069,2026-04-18 09:19:00+00:00,2026-04-18T09:19:00Z,P001,Café,1,2.5,2.5
345,2026-04-18 09:19:07+00:00,2026-04-18T09:19:07Z,P001,Café,1,2.5,2.5
856,2026-04-18 09:20:00+00:00,2026-04-18T09:20:00Z,P004,Huevos,4,3.9,15.6
188,2026-04-18 09:20:07+00:00,2026-04-18T09:20:07Z,P007,Galletas,3,1.6,4.8
734,2026-04-18 09:20:10+00:00,2026-04-18T09:20:10Z,P002,Pan,3,1.2,3.6
502,2026-04-18 09:21:41+00:00,2026-04-18T09:21:41Z,P002,Pan,4,1.2,4.8
528,2026-04-18 09:22:17+00:00,2026-04-18T09:22:17Z,P007,Galletas,1,1.6,1.6
332,2026-04-18 09:24:32+00:00,2026-04-18T09:24:32Z,P007,Galletas,4,1.6,6.4
849,2026-04-18 09:24:44+00:00,2026-04-18T09:24:44Z,P008,Jugo,2,2.9,5.8
1087,2026-04-18 09:24:53+00:00,2026-04-18T09:24:53Z,P001,Café,1,2.5,2.5
122,2026-04-18 09:24:54+00:00,2026-04-18T09:24:54Z,P007,Galletas,1,1.6,1.6
406,2026-04-18 09:24:55+00:00,2026-04-18T09:24:55Z,P007,Galletas,1,1.6,1.6
1145,2026-04-18 09:25:09+00:00,2026-04-18T09:25:09Z,P003,Leche,1,1.8,1.8
558,2026-04-18 09:25:21+00:00,2026-04-18T09:25:21Z,P007,Galletas,3,1.6,4.8
359,2026-04-18 09:25:52+00:00,2026-04-18T09:25:52Z,P008,Jugo,1,2.9,2.9
1150,2026-04-18 09:27:20+00:00,2026-04-18T09:27:20Z,P002,Pan,1,1.2,1.2
544,2026-04-18 09:28:31+00:00,2026-04-18T09:28:31Z,P004,Huevos,1,3.9,3.9
1064,2026-04-18 09:30:29+00:00,2026-04-18T09:30:29Z,P005,Arroz,1,2.1,2.1
134,2026-04-18 09:30:42+00:00,2026-04-18T09:30:42Z,P002,Pan,2,1.2,2.4
124,2026-04-18 09:31:01+00:00,2026-04-18T09:31:01Z,P007,Galletas,1,1.6,1.6
785,2026-04-18 09:31:38+00:00,2026-04-18T09:31:38Z,P008,Jugo,1,2.9,2.9
1171,2026-04-18 09:32:17+00:00,2026-04-18T09:32:17Z,P001,Café,2,2.5,5.0
574,2026-04-18 09:32:47+00:00,2026-04-18T09:32:47Z,P004,Huevos,1,3.9,3.9
794,2026-04-18 09:33:52+00:00,2026-04-18T09:33:52Z,P007,Galletas,2,1.6,3.2
394,2026-04-18 09:34:05+00:00,2026-04-18T09:34:05Z,P003,Leche,2,1.8,3.6
601,2026-04-18 09:34:18+00:00,2026-04-18T09:34:18Z,P003,Leche,2,1.8,3.6
1197,2026-04-18 09:34:25+00:00,2026-04-18T09:34:25Z,P001,Café,2,2.5,5.0
963,2026-04-18 09:34:36+00:00,2026-04-18T09:34:36Z,P003,Leche,1,1.8,1.8
495,2026-04-18 09:35:37+00:00,2026-04-18T09:35:37Z,P003,Leche,2,1.8,3.6
1099,2026-04-18 09:35:50+00:00,2026-04-18T09:35:50Z,P006,Queso,3,4.5,13.5
99,2026-04-18 09:35:53+00:00,2026-04-18T09:35:53Z,P001,Café,1,2.5,2.5
1044,2026-04-18 09:35:54+00:00,2026-04-18T09:35:54Z,P001,Café,1,2.5,2.5
539,2026-04-18 09:36:15+00:00,2026-04-18T09:36:15Z,P007,Galletas,2,1.6,3.2
91,2026-04-18 09:37:16+00:00,2026-04-18T09:37:16Z,P001,Café,1,2.5,2.5
201,2026-04-18 09:37:37+00:00,2026-04-18T09:37:37Z,P008,Jugo,3,2.9,8.7
1013,2026-04-18 09:38:12+00:00,2026-04-18T09:38:12Z,P008,Jugo,4,2.9,11.6
1036,2026-04-18 09:39:55+00:00,2026-04-18T09:39:55Z,P005,Arroz,1,2.1,2.1
900,2026-04-18 09:39:55+00:00,2026-04-18T09:39:55Z,P008,Jugo,3,2.9,8.7
31,2026-04-18 09:40:32+00:00,2026-04-18T09:40:32Z,P004,Huevos,1,3.9,3.9
393,2026-04-18 09:40:35+00:00,2026-04-18T09:40:35Z,P005,Arroz,1,2.1,2.1
10,2026-04-18 09:40:39+00:00,2026-04-18T09:40:39Z,P006,Queso,2,4.5,9.0
1110,2026-04-18 09:41:20+00:00,2026-04-18T09:41:20Z,P002,Pan,1,1.2,1.2
89,2026-04-18 09:41:32+00:00,2026-04-18T09:41:32Z,P007,Galletas,2,1.6,3.2
427,2026-04-18 09:41:50+00:00,2026-04-18T09:41:50Z,P004,Huevos,2,3.9,7.8
571,2026-04-18 09:42:22+00:00,2026-04-18T09:42:22Z,P003,Leche,2,1.8,3.6
285,2026-04-18 09:42:27+00:00,2026-04-18T09:42:27Z,P008,Jugo,2,2.9,5.8
173,2026-04-18 09:45:18+00:00,2026-04-18T09:45:18Z,P008,Jugo,1,2.9,2.9
962,2026-04-18 09:45:33+00:00,2026-04-18T09:45:33Z,P005,Arroz,3,2.1,6.3
1178,2026-04-18 09:45:57+00:00,2026-04-18T09:45:57Z,P003,Leche,1,1.8,1.8
798,2026-04-18 09:45:57+00:00,2026-04-18T09:45:57Z,P005,Arroz,1,2.1,2.1
1108,2026-04-18 09:46:04+00:00,2026-04-18T09:46:04Z,P007,Galletas,1,1.6,1.6
825,2026-04-18 09:46:33+00:00,2026-04-18T09:46:33Z,P006,Queso,1,4.5,4.5
1138,2026-04-18 09:46:51+00:00,2026-04-18T09:46:51Z,P007,Galletas,1,1.6,1.6
232,2026-04-18 09:47:26+00:00,2026-04-18T09:47:26Z,P003,Leche,1,1.8,1.8
463,2026-04-18 09:48:17+00:00,2026-04-18T09:48:17Z,P006,Queso,1,4.5,4.5
895,2026-04-18 09:48:34+00:00,2026-04-18T09:48:34Z,P001,Café,1,2.5,2.5
817,2026-04-18 09:48:49+00:00,2026-04-18T09:48:49Z,P003,Leche,2,1.8,3.6
253,2026-04-18 09:49:09+00:00,2026-04-18T09:49:09Z,P001,Café,1,2.5,2.5
989,2026-04-18 09:49:14+00:00,2026-04-18T09:49:14Z,P002,Pan,1,1.2,1.2
1162,2026-04-18 09:50:44+00:00,2026-04-18T09:50:44Z,P005,Arroz,1,2.1,2.1
199,2026-04-18 09:50:54+00:00,2026-04-18T09:50:54Z,P007,Galletas,1,1.6,1.6
228,2026-04-18 09:51:22+00:00,2026-04-18T09:51:22Z,P004,Huevos,2,3.9,7.8
732,2026-04-18 09:51:39+00:00,2026-04-18T09:51:39Z,P004,Huevos,2,3.9,7.8
580,2026-04-18 09:51:45+00:00,2026-04-18T09:51:45Z,P002,Pan,1,1.2,1.2
330,2026-04-18 09:51:50+00:00,2026-04-18T09:51:50Z,P008,Jugo,3,2.9,8.7
424,2026-04-18 09:52:01+00:00,2026-04-18T09:52:01Z,P006,Queso,1,4.5,4.5
699,2026-04-18 09:52:04+00:00,2026-04-18T09:52:04Z,P001,Café,5,2.5,12.5
234,2026-04-18 09:52:30+00:00,2026-04-18T09:52:30Z,P005,Arroz,2,2.1,4.2
110,2026-04-18 09:54:07+00:00,2026-04-18T09:54:07Z,P008,Jugo,1,2.9,2.9
403,2026-04-18 09:55:22+00:00,2026-04-18T09:55:22Z,P007,Galletas,1,1.6,1.6
164,2026-04-18 09:55:30+00:00,2026-04-18T09:55:30Z,P002,Pan,3,1.2,3.6
1030,2026-04-18 09:57:56+00:00,2026-04-18T09:57:56Z,P005,Arroz,1,2.1,2.1
669,2026-04-18 09:58:46+00:00,2026-04-18T09:58:46Z,P006,Queso,1,4.5,4.5
73,2026-04-18 09:58:54+00:00,2026-04-18T09:58:54Z,P001,Café,1,2.5,2.5
16,2026-04-18 09:59:40+00:00,2026-04-18T09:59:40Z,P004,Huevos,2,3.9,7.8
703,2026-04-18 10:01:24+00:00,2026-04-18T10:01:24Z,P007,Galletas,1,1.6,1.6
820,2026-04-18 10:02:34+00:00,2026-04-18T10:02:34Z,P004,Huevos,2,3.9,7.8
869,2026-04-18 10:03:52+00:00,2026-04-18T10:03:52Z,P004,Huevos,3,3.9,11.7
165,2026-04-18 10:04:36+00:00,2026-04-18T10:04:36Z,P001,Café,1,2.5,2.5
873,2026-04-18 10:06:02+00:00,2026-04-18T10:06:02Z,P003,Leche,1,1.8,1.8
1059,2026-04-18 10:06:04+00:00,2026-04-18T10:06:04Z,P008,Jugo,1,2.9,2.9
581,2026-04-18 10:06:43+00:00,2026-04-18T10:06:43Z,P003,Leche,4,1.8,7.2
848,2026-04-18 10:07:25+00:00,2026-04-18T10:07:25Z,P007,Galletas,4,1.6,6.4
235,2026-04-18 10:07:29+00:00,2026-04-18T10:07:29Z,P002,Pan,1,1.2,1.2
563,2026-04-18 10:07:59+00:00,2026-04-18T10:07:59Z,P004,Huevos,2,3.9,7.8
823,2026-04-18 10:08:06+00:00,2026-04-18T10:08:06Z,P007,Galletas,1,1.6,1.6
271,2026-04-18 10:08:35+00:00,2026-04-18T10:08:35Z,P001,Café,2,2.5,5.0
321,2026-04-18 10:08:42+00:00,2026-04-18T10:08:42Z,P002,Pan,2,1.2,2.4
251,2026-04-18 10:08:50+00:00,2026-04-18T10:08:50Z,P004,Huevos,1,3.9,3.9
269,2026-04-18 10:09:43+00:00,2026-04-18T10:09:43Z,P008,Jugo,1,2.9,2.9
67,2026-04-18 10:10:28+00:00,2026-04-18T10:10:28Z,P005,Arroz,2,2.1,4.2
788,2026-04-18 10:10:54+00:00,2026-04-18T10:10:54Z,P004,Huevos,3,3.9,11.7
363,2026-04-18 10:11:31+00:00,2026-04-18T10:11:31Z,P008,Jugo,1,2.9,2.9
483,2026-04-18 10:11:34+00:00,2026-04-18T10:11:34Z,P007,Galletas,1,1.6,1.6
995,2026-04-18 10:13:26+00:00,2026-04-18T10:13:26Z,P008,Jugo,1,2.9,2.9
992,2026-04-18 10:13:44+00:00,2026-04-18T10:13:44Z,P006,Queso,1,4.5,4.5
154,2026-04-18 10:15:19+00:00,2026-04-18T10:15:19Z,P006,Queso,1,4.5,4.5
913,2026-04-18 10:15:57+00:00,2026-04-18T10:15:57Z,P004,Huevos,4,3.9,15.6
862,2026-04-18 10:17:03+00:00,2026-04-18T10:17:03Z,P004,Huevos,2,3.9,7.8
797,2026-04-18 10:17:40+00:00,2026-04-18T10:17:40Z,P006,Queso,3,4.5,13.5
28,2026-04-18 10:18:27+00:00,2026-04-18T10:18:27Z,P003,Leche,1,1.8,1.8
1051,2026-04-18 10:18:29+00:00,2026-04-18T10:18:29Z,P003,Leche,3,1.8,5.4
298,2026-04-18 10:19:47+00:00,2026-04-18T10:19:47Z,P006,Queso,1,4.5,4.5
1199,2026-04-18 10:19:49+00:00,2026-04-18T10:19:49Z,P005,Arroz,1,2.1,2.1
1054,2026-04-18 10:20:20+00:00,2026-04-18T10:20:20Z,P005,Arroz,2,2.1,4.2
944,2026-04-18 10:20:27+00:00,2026-04-18T10:20:27Z,P003,Leche,1,1.8,1.8
766,2026-04-18 10:20:54+00:00,2026-04-18T10:20:54Z,P005,Arroz,1,2.1,2.1
559,2026-04-18 10:21:27+00:00,2026-04-18T10:21:27Z,P003,Leche,1,1.8,1.8
355,2026-04-18 10:21:52+00:00,2026-04-18T10:21:52Z,P003,Leche,3,1.8,5.4
793,2026-04-18 10:22:29+00:00,2026-04-18T10:22:29Z,P005,Arroz,1,2.1,2.1
8,2026-04-18 10:22:38+00:00,2026-04-18T10:22:38Z,P005,Arroz,3,2.1,6.3
853,2026-04-18 10:22:39+00:00,2026-04-18T10:22:39Z,P001,Café,3,2.5,7.5
107,2026-04-18 10:25:15+00:00,2026-04-18T10:25:15Z,P003,Leche,2,1.8,3.6
641,2026-04-18 10:27:20+00:00,2026-04-18T10:27:20Z,P003,Leche,1,1.8,1.8
1147,2026-04-18 10:27:49+00:00,2026-04-18T10:27:49Z,P003,Leche,2,1.8,3.6
871,2026-04-18 10:28:07+00:00,2026-04-18T10:28:07Z,P002,Pan,2,1.2,2.4
1039,2026-04-18 10:28:11+00:00,2026-04-18T10:28:11Z,P003,Leche,4,1.8,7.2
129,2026-04-18 10:29:20+00:00,2026-04-18T10:29:20Z,P006,Queso,2,4.5,9.0
455,2026-04-18 10:29:41+00:00,2026-04-18T10:29:41Z,P008,Jugo,3,2.9,8.7
532,2026-04-18 10:30:03+00:00,2026-04-18T10:30:03Z,P001,Café,2,2.5,5.0
453,2026-04-18 10:31:11+00:00,2026-04-18T10:31:11Z,P005,Arroz,3,2.1,6.3
739,2026-04-18 10:34:24+00:00,2026-04-18T10:34:24Z,P002,Pan,3,1.2,3.6
757,2026-04-18 10:34:26+00:00,2026-04-18T10:34:26Z,P004,Huevos,2,3.9,7.8
404,2026-04-18 10:35:06+00:00,2026-04-18T10:35:06Z,P006,Queso,1,4.5,4.5
1047,2026-04-18 10:35:59+00:00,2026-04-18T10:35:59Z,P005,Arroz,1,2.1,2.1
975,2026-04-18 10:36:40+00:00,2026-04-18T10:36:40Z,P001,Café,3,2.5,7.5
1010,2026-04-18 10:37:12+00:00,2026-04-18T10:37:12Z,P001,Café,2,2.5,5.0
964,2026-04-18 10:37:41+00:00,2026-04-18T10:37:41Z,P002,Pan,1,1.2,1.2
504,2026-04-18 10:38:38+00:00,2026-04-18T10:38:38Z,P001,Café,3,2.5,7.5
772,2026-04-18 10:39:38+00:00,2026-04-18T10:39:38Z,P007,Galletas,1,1.6,1.6
698,2026-04-18 10:40:41+00:00,2026-04-18T10:40:41Z,P002,Pan,2,1.2,2.4
655,2026-04-18 10:40:48+00:00,2026-04-18T10:40:48Z,P002,Pan,1,1.2,1.2
132,2026-04-18 10:41:04+00:00,2026-04-18T10:41:04Z,P001,Café,2,2.5,5.0
943,2026-04-18 10:42:19+00:00,2026-04-18T10:42:19Z,P003,Leche,2,1.8,3.6
39,2026-04-18 10:42:41+00:00,2026-04-18T10:42:41Z,P006,Queso,1,4.5,4.5
941,2026-04-18 10:42:41+00:00,2026-04-18T10:42:41Z,P004,Huevos,1,3.9,3.9
844,2026-04-18 10:43:20+00:00,2026-04-18T10:43:20Z,P007,Galletas,2,1.6,3.2
946,2026-04-18 10:43:46+00:00,2026-04-18T10:43:46Z,P006,Queso,3,4.5,13.5
1166,2026-04-18 10:45:06+00:00,2026-04-18T10:45:06Z,P006,Queso,1,4.5,4.5
386,2026-04-18 10:45:46+00:00,2026-04-18T10:45:46Z,P008,Jugo,1,2.9,2.9
743,2026-04-18 10:46:04+00:00,2026-04-18T10:46:04Z,P002,Pan,1,1.2,1.2
683,2026-04-18 10:47:05+00:00,2026-04-18T10:47:05Z,P002,Pan,1,1.2,1.2
1195,2026-04-18 10:47:36+00:00,2026-04-18T10:47:36Z,P001,Café,1,2.5,2.5
244,2026-04-18 10:47:44+00:00,2026-04-18T10:47:44Z,P007,Galletas,2,1.6,3.2
679,2026-04-18 10:47:46+00:00,2026-04-18T10:47:46Z,P005,Arroz,1,2.1,2.1
276,2026-04-18 10:48:17+00:00,2026-04-18T10:48:17Z,P004,Huevos,3,3.9,11.7
1155,2026-04-18 10:48:46+00:00,2026-04-18T10:48:46Z,P002,Pan,1,1.2,1.2
130,2026-04-18 10:48:53+00:00,2026-04-18T10:48:53Z,P007,Galletas,1,1.6,1.6
120,2026-04-18 10:49:37+00:00,2026-04-18T10:49:37Z,P001,Café,3,2.5,7.5
870,2026-04-18 10:49:39+00:00,2026-04-18T10:49:39Z,P008,Jugo,2,2.9,5.8
575,2026-04-18 10:49:43+00:00,2026-04-18T10:49:43Z,P003,Leche,1,1.8,1.8
578,2026-04-18 10:50:13+00:00,2026-04-18T10:50:13Z,P008,Jugo,1,2.9,2.9
418,2026-04-18 10:50:21+00:00,2026-04-18T10:50:21Z,P006,Queso,2,4.5,9.0
573,2026-04-18 10:50:27+00:00,2026-04-18T10:50:27Z,P002,Pan,1,1.2,1.2
477,2026-04-18 10:52:00+00:00,2026-04-18T10:52:00Z,P004,Huevos,2,3.9,7.8
863,2026-04-18 10:52:15+00:00,2026-04-18T10:52:15Z,P002,Pan,1,1.2,1.2
1153,2026-04-18 10:52:51+00:00,2026-04-18T10:52:51Z,P008,Jugo,2,2.9,5.8
1188,2026-04-18 10:54:24+00:00,2026-04-18T10:54:24Z,P008,Jugo,1,2.9,2.9
590,2026-04-18 10:54:29+00:00,2026-04-18T10:54:29Z,P003,Leche,3,1.8,5.4
362,2026-04-18 10:56:25+00:00,2026-04-18T10:56:25Z,P008,Jugo,3,2.9,8.7
389,2026-04-18 10:56:53+00:00,2026-04-18T10:56:53Z,P003,Leche,2,1.8,3.6
1024,2026-04-18 10:57:36+00:00,2026-04-18T10:57:36Z,P005,Arroz,1,2.1,2.1
629,2026-04-18 10:57:41+00:00,2026-04-18T10:57:41Z,P003,Leche,1,1.8,1.8
1136,2026-04-18 10:58:13+00:00,2026-04-18T10:58:13Z,P002,Pan,2,1.2,2.4
965,2026-04-18 10:58:14+00:00,2026-04-18T10:58:14Z,P007,Galletas,1,1.6,1.6
168,2026-04-18 10:58:28+00:00,2026-04-18T10:58:28Z,P005,Arroz,3,2.1,6.3
198,2026-04-18 10:58:38+00:00,2026-04-18T10:58:38Z,P003,Leche,3,1.8,5.4
79,2026-04-18 10:59:50+00:00,2026-04-18T10:59:50Z,P001,Café,3,2.5,7.5
76,2026-04-18 11:00:07+00:00,2026-04-18T11:00:07Z,P002,Pan,4,1.2,4.8
25,2026-04-18 11:04:24+00:00,2026-04-18T11:04:24Z,P007,Galletas,2,1.6,3.2
380,2026-04-18 11:05:51+00:00,2026-04-18T11:05:51Z,P006,Queso,2,4.5,9.0
1124,2026-04-18 11:06:10+00:00,2026-04-18T11:06:10Z,P003,Leche,1,1.8,1.8
920,2026-04-18 11:06:13+00:00,2026-04-18T11:06:13Z,P007,Galletas,2,1.6,3.2
295,2026-04-18 11:07:25+00:00,2026-04-18T11:07:25Z,P001,Café,4,2.5,10.0
838,2026-04-18 11:10:02+00:00,2026-04-18T11:10:02Z,P008,Jugo,3,2.9,8.7
282,2026-04-18 11:10:23+00:00,2026-04-18T11:10:23Z,P005,Arroz,2,2.1,4.2
1100,2026-04-18 11:12:01+00:00,2026-04-18T11:12:01Z,P007,Galletas,1,1.6,1.6
1006,2026-04-18 11:12:54+00:00,2026-04-18T11:12:54Z,P005,Arroz,1,2.1,2.1
101,2026-04-18 11:13:32+00:00,2026-04-18T11:13:32Z,P008,Jugo,2,2.9,5.8
286,2026-04-18 11:13:48+00:00,2026-04-18T11:13:48Z,P002,Pan,1,1.2,1.2
677,2026-04-18 11:14:34+00:00,2026-04-18T11:14:34Z,P006,Queso,2,4.5,9.0
972,2026-04-18 11:15:02+00:00,2026-04-18T11:15:02Z,P003,Leche,2,1.8,3.6
247,2026-04-18 11:15:54+00:00,2026-04-18T11:15:54Z,P006,Queso,1,4.5,4.5
755,2026-04-18 11:16:14+00:00,2026-04-18T11:16:14Z,P005,Arroz,2,2.1,4.2
74,2026-04-18 11:17:02+00:00,2026-04-18T11:17:02Z,P001,Café,1,2.5,2.5
156,2026-04-18 11:19:16+00:00,2026-04-18T11:19:16Z,P004,Huevos,1,3.9,3.9
498,2026-04-18 11:19:24+00:00,2026-04-18T11:19:24Z,P003,Leche,2,1.8,3.6
970,2026-04-18 11:21:46+00:00,2026-04-18T11:21:46Z,P002,Pan,1,1.2,1.2
1021,2026-04-18 11:22:33+00:00,2026-04-18T11:22:33Z,P001,Café,2,2.5,5.0
1048,2026-04-18 11:22:55+00:00,2026-04-18T11:22:55Z,P004,Huevos,2,3.9,7.8
322,2026-04-18 11:23:01+00:00,2026-04-18T11:23:01Z,P006,Queso,1,4.5,4.5
1151,2026-04-18 11:23:22+00:00,2026-04-18T11:23:22Z,P004,Huevos,1,3.9,3.9
802,2026-04-18 11:24:47+00:00,2026-04-18T11:24:47Z,P001,Café,2,2.5,5.0
1129,2026-04-18 11:25:00+00:00,2026-04-18T11:25:00Z,P001,Café,5,2.5,12.5
929,2026-04-18 11:25:52+00:00,2026-04-18T11:25:52Z,P001,Café,1,2.5,2.5
430,2026-04-18 11:26:09+00:00,2026-04-18T11:26:09Z,P007,Galletas,2,1.6,3.2
1182,2026-04-18 11:26:19+00:00,2026-04-18T11:26:19Z,P008,Jugo,2,2.9,5.8
819,2026-04-18 11:27:25+00:00,2026-04-18T11:27:25Z,P007,Galletas,4,1.6,6.4
46,2026-04-18 11:27:26+00:00,2026-04-18T11:27:26Z,P008,Jugo,3,2.9,8.7
924,2026-04-18 11:28:40+00:00,2026-04-18T11:28:40Z,P007,Galletas,1,1.6,1.6
583,2026-04-18 11:29:14+00:00,2026-04-18T11:29:14Z,P007,Galletas,2,1.6,3.2
202,2026-04-18 11:30:22+00:00,2026-04-18T11:30:22Z,P006,Queso,2,4.5,9.0
496,2026-04-18 11:31:03+00:00,2026-04-18T11:31:03Z,P006,Queso,4,4.5,18.0
475,2026-04-18 11:32:26+00:00,2026-04-18T11:32:26Z,P008,Jugo,2,2.9,5.8
866,2026-04-18 11:35:35+00:00,2026-04-18T11:35:35Z,P001,Café,3,2.5,7.5
22,2026-04-18 11:37:25+00:00,2026-04-18T11:37:25Z,P006,Queso,1,4.5,4.5
61,2026-04-18 11:37:36+00:00,2026-04-18T11:37:36Z,P006,Queso,4,4.5,18.0
847,2026-04-18 11:39:17+00:00,2026-04-18T11:39:17Z,P002,Pan,1,1.2,1.2
896,2026-04-18 11:39:55+00:00,2026-04-18T11:39:55Z,P004,Huevos,2,3.9,7.8
1200,2026-04-18 11:39:58+00:00,2026-04-18T11:39:58Z,P001,Café,2,2.5,5.0
369,2026-04-18 11:40:50+00:00,2026-04-18T11:40:50Z,P001,Café,1,2.5,2.5
778,2026-04-18 11:41:05+00:00,2026-04-18T11:41:05Z,P004,Huevos,1,3.9,3.9
878,2026-04-18 11:42:37+00:00,2026-04-18T11:42:37Z,P003,Leche,4,1.8,7.2
84,2026-04-18 11:42:55+00:00,2026-04-18T11:42:55Z,P004,Huevos,1,3.9,3.9
192,2026-04-18 11:44:31+00:00,2026-04-18T11:44:31Z,P002,Pan,1,1.2,1.2
172,2026-04-18 11:44:38+00:00,2026-04-18T11:44:38Z,P008,Jugo,1,2.9,2.9
446,2026-04-18 11:45:30+00:00,2026-04-18T11:45:30Z,P002,Pan,2,1.2,2.4
92,2026-04-18 11:46:50+00:00,2026-04-18T11:46:50Z,P006,Queso,1,4.5,4.5
549,2026-04-18 11:48:17+00:00,2026-04-18T11:48:17Z,P002,Pan,1,1.2,1.2
480,2026-04-18 11:49:08+00:00,2026-04-18T11:49:08Z,P007,Galletas,1,1.6,1.6
431,2026-04-18 11:49:39+00:00,2026-04-18T11:49:39Z,P008,Jugo,3,2.9,8.7
1106,2026-04-18 11:49:40+00:00,2026-04-18T11:49:40Z,P007,Galletas,2,1.6,3.2
1083,2026-04-18 11:50:51+00:00,2026-04-18T11:50:51Z,P008,Jugo,5,2.9,14.5
1196,2026-04-18 11:52:56+00:00,2026-04-18T11:52:56Z,P001,Café,3,2.5,7.5
542,2026-04-18 11:53:04+00:00,2026-04-18T11:53:04Z,P006,Queso,2,4.5,9.0
13,2026-04-18 11:53:23+00:00,2026-04-18T11:53:23Z,P003,Leche,1,1.8,1.8
521,2026-04-18 11:53:40+00:00,2026-04-18T11:53:40Z,P004,Huevos,1,3.9,3.9
656,2026-04-18 11:54:15+00:00,2026-04-18T11:54:15Z,P001,Café,1,2.5,2.5
813,2026-04-18 11:55:54+00:00,2026-04-18T11:55:54Z,P003,Leche,1,1.8,1.8
877,2026-04-18 11:59:40+00:00,2026-04-18T11:59:40Z,P002,Pan,2,1.2,2.4
1154,2026-04-18 11:59:52+00:00,2026-04-18T11:59:52Z,P004,Huevos,1,3.9,3.9
1140,2026-04-18 11:59:55+00:00,2026-04-18T11:59:55Z,P002,Pan,3,1.2,3.6
752,2026-04-18 12:07:19+00:00,2026-04-18T12:07:19Z,P007,Galletas,1,1.6,1.6
1134,2026-04-18 12:09:08+00:00,2026-04-18T12:09:08Z,P005,Arroz,1,2.1,2.1
833,2026-04-18 12:09:13+00:00,2026-04-18T12:09:13Z,P001,Café,1,2.5,2.5
702,2026-04-18 12:10:59+00:00,2026-04-18T12:10:59Z,P007,Galletas,3,1.6,4.8
634,2026-04-18 12:14:24+00:00,2026-04-18T12:14:24Z,P002,Pan,2,1.2,2.4
26,2026-04-18 12:16:35+00:00,2026-04-18T12:16:35Z,P001,Café,2,2.5,5.0
588,2026-04-18 12:16:42+00:00,2026-04-18T12:16:42Z,P008,Jugo,1,2.9,2.9
774,2026-04-18 12:17:57+00:00,2026-04-18T12:17:57Z,P006,Queso,1,4.5,4.5
223,2026-04-18 12:19:12+00:00,2026-04-18T12:19:12Z,P007,Galletas,3,1.6,4.8
1158,2026-04-18 12:21:13+00:00,2026-04-18T12:21:13Z,P004,Huevos,1,3.9,3.9
947,2026-04-18 12:22:49+00:00,2026-04-18T12:22:49Z,P005,Arroz,1,2.1,2.1
667,2026-04-18 12:24:58+00:00,2026-04-18T12:24:58Z,P003,Leche,1,1.8,1.8
45,2026-04-18 12:26:12+00:00,2026-04-18T12:26:12Z,P002,Pan,1,1.2,1.2
185,2026-04-18 12:26:21+00:00,2026-04-18T12:26:21Z,P006,Queso,2,4.5,9.0
163,2026-04-18 12:28:21+00:00,2026-04-18T12:28:21Z,P003,Leche,4,1.8,7.2
1187,2026-04-18 12:32:54+00:00,2026-04-18T12:32:54Z,P008,Jugo,2,2.9,5.8
111,2026-04-18 12:33:35+00:00,2026-04-18T12:33:35Z,P006,Queso,4,4.5,18.0
37,2026-04-18 12:35:10+00:00,2026-04-18T12:35:10Z,P005,Arroz,1,2.1,2.1
1002,2026-04-18 12:38:27+00:00,2026-04-18T12:38:27Z,P002,Pan,1,1.2,1.2
148,2026-04-18 12:39:42+00:00,2026-04-18T12:39:42Z,P007,Galletas,1,1.6,1.6
352,2026-04-18 12:40:24+00:00,2026-04-18T12:40:24Z,P006,Queso,1,4.5,4.5
620,2026-04-18 12:42:44+00:00,2026-04-18T12:42:44Z,P006,Queso,3,4.5,13.5
565,2026-04-18 12:45:13+00:00,2026-04-18T12:45:13Z,P008,Jugo,2,2.9,5.8
1146,2026-04-18 12:47:03+00:00,2026-04-18T12:47:03Z,P007,Galletas,1,1.6,1.6
1066,2026-04-18 12:47:40+00:00,2026-04-18T12:47:40Z,P007,Galletas,1,1.6,1.6
1084,2026-04-18 12:50:02+00:00,2026-04-18T12:50:02Z,P006,Queso,1,4.5,4.5
499,2026-04-18 12:54:14+00:00,2026-04-18T12:54:14Z,P005,Arroz,3,2.1,6.3
50,2026-04-18 12:55:59+00:00,2026-04-18T12:55:59Z,P002,Pan,1,1.2,1.2
783,2026-04-18 12:58:23+00:00,2026-04-18T12:58:23Z,P004,Huevos,1,3.9,3.9
906,2026-04-18 12:59:09+00:00,2026-04-18T12:59:09Z,P001,Café,1,2.5,2.5
462,2026-04-18 12:59:15+00:00,2026-04-18T12:59:15Z,P001,Café,1,2.5,2.5
1168,2026-04-18 12:59:45+00:00,2026-04-18T12:59:45Z,P001,Café,1,2.5,2.5
179,2026-04-18 13:05:38+00:00,2026-04-18T13:05:38Z,P001,Café,3,2.5,7.5
33,2026-04-18 13:07:59+00:00,2026-04-18T13:07:59Z,P006,Queso,3,4.5,13.5
596,2026-04-18 13:08:11+00:00,2026-04-18T13:08:11Z,P006,Queso,3,4.5,13.5
1148,2026-04-18 13:12:31+00:00,2026-04-18T13:12:31Z,P007,Galletas,2,1.6,3.2
971,2026-04-18 13:13:37+00:00,2026-04-18T13:13:37Z,P003,Leche,2,1.8,3.6
53,2026-04-18 13:13:55+00:00,2026-04-18T13:13:55Z,P007,Galletas,3,1.6,4.8
149,2026-04-18 13:20:11+00:00,2026-04-18T13:20:11Z,P008,Jugo,1,2.9,2.9
622,2026-04-18 13:20:53+00:00,2026-04-18T13:20:53Z,P005,Arroz,1,2.1,2.1
958,2026-04-18 13:22:02+00:00,2026-04-18T13:22:02Z,P004,Huevos,2,3.9,7.8
384,2026-04-18 13:23:35+00:00,2026-04-18T13:23:35Z,P006,Queso,1,4.5,4.5
197,2026-04-18 13:30:15+00:00,2026-04-18T13:30:15Z,P008,Jugo,2,2.9,5.8
880,2026-04-18 13:32:49+00:00,2026-04-18T13:32:49Z,P003,Leche,2,1.8,3.6
44,2026-04-18 13:34:08+00:00,2026-04-18T13:34:08Z,P008,Jugo,1,2.9,2.9
619,2026-04-18 13:37:00+00:00,2026-04-18T13:37:00Z,P002,Pan,2,1.2,2.4
771,2026-04-18 13:38:30+00:00,2026-04-18T13:38:30Z,P001,Café,1,2.5,2.5
599,2026-04-18 13:45:53+00:00,2026-04-18T13:45:53Z,P008,Jugo,1,2.9,2.9
517,2026-04-18 13:46:41+00:00,2026-04-18T13:46:41Z,P008,Jugo,1,2.9,2.9
152,2026-04-18 13:48:15+00:00,2026-04-18T13:48:15Z,P008,Jugo,2,2.9,5.8
987,2026-04-18 13:49:24+00:00,2026-04-18T13:49:24Z,P006,Queso,2,4.5,9.0
153,2026-04-18 13:50:01+00:00,2026-04-18T13:50:01Z,P002,Pan,1,1.2,1.2
275,2026-04-18 13:54:06+00:00,2026-04-18T13:54:06Z,P006,Queso,3,4.5,13.5
855,2026-04-18 13:56:26+00:00,2026-04-18T13:56:26Z,P008,Jugo,1,2.9,2.9
474,2026-04-18 13:57:32+00:00,2026-04-18T13:57:32Z,P008,Jugo,3,2.9,8.7
519,2026-04-18 13:58:56+00:00,2026-04-18T13:58:56Z,P001,Café,1,2.5,2.5
666,2026-04-18 14:02:54+00:00,2026-04-18T14:02:54Z,P001,Café,1,2.5,2.5
311,2026-04-18 14:03:28+00:00,2026-04-18T14:03:28Z,P002,Pan,3,1.2,3.6
664,2026-04-18 14:03:31+00:00,2026-04-18T14:03:31Z,P003,Leche,1,1.8,1.8
955,2026-04-18 14:05:25+00:00,2026-04-18T14:05:25Z,P006,Queso,1,4.5,4.5
511,2026-04-18 14:06:51+00:00,2026-04-18T14:06:51Z,P008,Jugo,2,2.9,5.8
383,2026-04-18 14:07:12+00:00,2026-04-18T14:07:12Z,P003,Leche,1,1.8,1.8
979,2026-04-18 14:10:46+00:00,2026-04-18T14:10:46Z,P006,Queso,4,4.5,18.0
1038,2026-04-18 14:13:26+00:00,2026-04-18T14:13:26Z,P006,Queso,1,4.5,4.5
652,2026-04-18 14:26:27+00:00,2026-04-18T14:26:27Z,P007,Galletas,1,1.6,1.6
309,2026-04-18 14:29:37+00:00,2026-04-18T14:29:37Z,P001,Café,1,2.5,2.5
916,2026-04-18 14:31:02+00:00,2026-04-18T14:31:02Z,P005,Arroz,3,2.1,6.3
409,2026-04-18 14:31:56+00:00,2026-04-18T14:31:56Z,P005,Arroz,1,2.1,2.1
423,2026-04-18 14:32:34+00:00,2026-04-18T14:32:34Z,P008,Jugo,2,2.9,5.8
1133,2026-04-18 14:36:59+00:00,2026-04-18T14:36:59Z,P003,Leche,1,1.8,1.8
557,2026-04-18 14:39:12+00:00,2026-04-18T14:39:12Z,P008,Jugo,1,2.9,2.9
1125,2026-04-18 14:42:10+00:00,2026-04-18T14:42:10Z,P008,Jugo,4,2.9,11.6
58,2026-04-18 14:54:11+00:00,2026-04-18T14:54:11Z,P002,Pan,2,1.2,2.4
790,2026-04-18 14:55:49+00:00,2026-04-18T14:55:49Z,P001,Café,1,2.5,2.5
706,2026-04-18 14:56:35+00:00,2026-04-18T14:56:35Z,P008,Jugo,1,2.9,2.9
20,2026-04-18 14:56:58+00:00,2026-04-18T14:56:58Z,P008,Jugo,1,2.9,2.9
612,2026-04-18 14:57:43+00:00,2026-04-18T14:57:43Z,P002,Pan,1,1.2,1.2
1043,2026-04-18 14:57:54+00:00,2026-04-18T14:57:54Z,P006,Queso,2,4.5,9.0
52,2026-04-18 15:00:05+00:00,2026-04-18T15:00:05Z,P004,Huevos,1,3.9,3.9
892,2026-04-18 15:01:24+00:00,2026-04-18T15:01:24Z,P003,Leche,1,1.8,1.8
910,2026-04-18 15:05:22+00:00,2026-04-18T15:05:22Z,P004,Huevos,3,3.9,11.7
40,2026-04-18 15:07:15+00:00,2026-04-18T15:07:15Z,P004,Huevos,1,3.9,3.9
117,2026-04-18 15:08:09+00:00,2026-04-18T15:08:09Z,P004,Huevos,1,3.9,3.9
930,2026-04-18 15:08:47+00:00,2026-04-18T15:08:47Z,P007,Galletas,2,1.6,3.2
151,2026-04-18 15:12:05+00:00,2026-04-18T15:12:05Z,P004,Huevos,2,3.9,7.8
1073,2026-04-18 15:12:26+00:00,2026-04-18T15:12:26Z,P007,Galletas,1,1.6,1.6
680,2026-04-18 15:15:26+00:00,2026-04-18T15:15:26Z,P008,Jugo,4,2.9,11.6
799,2026-04-18 15:15:57+00:00,2026-04-18T15:15:57Z,P001,Café,3,2.5,7.5
1159,2026-04-18 15:16:35+00:00,2026-04-18T15:16:35Z,P008,Jugo,2,2.9,5.8
525,2026-04-18 15:17:34+00:00,2026-04-18T15:17:34Z,P005,Arroz,1,2.1,2.1
915,2026-04-18 15:18:01+00:00,2026-04-18T15:18:01Z,P006,Queso,1,4.5,4.5
391,2026-04-18 15:19:10+00:00,2026-04-18T15:19:10Z,P003,Leche,1,1.8,1.8
886,2026-04-18 15:20:45+00:00,2026-04-18T15:20:45Z,P004,Huevos,1,3.9,3.9
471,2026-04-18 15:23:04+00:00,2026-04-18T15:23:04Z,P002,Pan,1,1.2,1.2
540,2026-04-18 15:24:48+00:00,2026-04-18T15:24:48Z,P003,Leche,2,1.8,3.6
375,2026-04-18 15:25:20+00:00,2026-04-18T15:25:20Z,P005,Arroz,1,2.1,2.1
119,2026-04-18 15:26:03+00:00,2026-04-18T15:26:03Z,P004,Huevos,3,3.9,11.7
155,2026-04-18 15:27:47+00:00,2026-04-18T15:27:47Z,P006,Queso,1,4.5,4.5
238,2026-04-18 15:29:23+00:00,2026-04-18T15:29:23Z,P005,Arroz,2,2.1,4.2
203,2026-04-18 15:29:59+00:00,2026-04-18T15:29:59Z,P006,Queso,3,4.5,13.5
469,2026-04-18 15:30:48+00:00,2026-04-18T15:30:48Z,P004,Huevos,2,3.9,7.8
472,2026-04-18 15:32:12+00:00,2026-04-18T15:32:12Z,P003,Leche,1,1.8,1.8
1033,2026-04-18 15:32:22+00:00,2026-04-18T15:32:22Z,P007,Galletas,3,1.6,4.8
994,2026-04-18 15:36:23+00:00,2026-04-18T15:36:23Z,P005,Arroz,5,2.1,10.5
217,2026-04-18 15:36:43+00:00,2026-04-18T15:36:43Z,P003,Leche,1,1.8,1.8
902,2026-04-18 15:38:12+00:00,2026-04-18T15:38:12Z,P004,Huevos,1,3.9,3.9
653,2026-04-18 15:39:09+00:00,2026-04-18T15:39:09Z,P005,Arroz,1,2.1,2.1
1198,2026-04-18 15:40:03+00:00,2026-04-18T15:40:03Z,P004,Huevos,1,3.9,3.9
115,2026-04-18 15:40:15+00:00,2026-04-18T15:40:15Z,P005,Arroz,1,2.1,2.1
175,2026-04-18 15:41:09+00:00,2026-04-18T15:41:09Z,P005,Arroz,3,2.1,6.3
145,2026-04-18 15:41:17+00:00,2026-04-18T15:41:17Z,P008,Jugo,1,2.9,2.9
564,2026-04-18 15:43:49+00:00,2026-04-18T15:43:49Z,P001,Café,4,2.5,10.0
344,2026-04-18 15:46:38+00:00,2026-04-18T15:46:38Z,P007,Galletas,1,1.6,1.6
983,2026-04-18 15:48:07+00:00,2026-04-18T15:48:07Z,P002,Pan,1,1.2,1.2
676,2026-04-18 15:50:15+00:00,2026-04-18T15:50:15Z,P003,Leche,1,1.8,1.8
351,2026-04-18 15:50:32+00:00,2026-04-18T15:50:32Z,P001,Café,1,2.5,2.5
660,2026-04-18 15:50:52+00:00,2026-04-18T15:50:52Z,P005,Arroz,1,2.1,2.1
113,2026-04-18 15:57:10+00:00,2026-04-18T15:57:10Z,P008,Jugo,1,2.9,2.9
673,2026-04-18 16:00:23+00:00,2026-04-18T16:00:23Z,P004,Huevos,1,3.9,3.9
1152,2026-04-18 16:01:49+00:00,2026-04-18T16:01:49Z,P005,Arroz,1,2.1,2.1
537,2026-04-18 16:02:11+00:00,2026-04-18T16:02:11Z,P006,Queso,1,4.5,4.5
141,2026-04-18 16:02:22+00:00,2026-04-18T16:02:22Z,P007,Galletas,2,1.6,3.2
980,2026-04-18 16:04:14+00:00,2026-04-18T16:04:14Z,P007,Galletas,1,1.6,1.6
35,2026-04-18 16:05:05+00:00,2026-04-18T16:05:05Z,P008,Jugo,3,2.9,8.7
1167,2026-04-18 16:05:11+00:00,2026-04-18T16:05:11Z,P004,Huevos,1,3.9,3.9
65,2026-04-18 16:06:04+00:00,2026-04-18T16:06:04Z,P004,Huevos,1,3.9,3.9
769,2026-04-18 16:06:50+00:00,2026-04-18T16:06:50Z,P005,Arroz,3,2.1,6.3
905,2026-04-18 16:08:10+00:00,2026-04-18T16:08:10Z,P005,Arroz,1,2.1,2.1
688,2026-04-18 16:09:06+00:00,2026-04-18T16:09:06Z,P003,Leche,1,1.8,1.8
78,2026-04-18 16:09:27+00:00,2026-04-18T16:09:27Z,P003,Leche,1,1.8,1.8
318,2026-04-18 16:09:58+00:00,2026-04-18T16:09:58Z,P006,Queso,1,4.5,4.5
428,2026-04-18 16:10:33+00:00,2026-04-18T16:10:33Z,P007,Galletas,1,1.6,1.6
395,2026-04-18 16:10:42+00:00,2026-04-18T16:10:42Z,P006,Queso,3,4.5,13.5
729,2026-04-18 16:11:24+00:00,2026-04-18T16:11:24Z,P005,Arroz,2,2.1,4.2
982,2026-04-18 16:11:30+00:00,2026-04-18T16:11:30Z,P001,Café,3,2.5,7.5
644,2026-04-18 16:12:47+00:00,2026-04-18T16:12:47Z,P007,Galletas,1,1.6,1.6
1128,2026-04-18 16:13:24+00:00,2026-04-18T16:13:24Z,P005,Arroz,1,2.1,2.1
38,2026-04-18 16:13:59+00:00,2026-04-18T16:13:59Z,P004,Huevos,2,3.9,7.8
1135,2026-04-18 16:14:16+00:00,2026-04-18T16:14:16Z,P005,Arroz,1,2.1,2.1
219,2026-04-18 16:14:29+00:00,2026-04-18T16:14:29Z,P005,Arroz,1,2.1,2.1
513,2026-04-18 16:14:47+00:00,2026-04-18T16:14:47Z,P003,Leche,1,1.8,1.8
897,2026-04-18 16:15:32+00:00,2026-04-18T16:15:32Z,P005,Arroz,2,2.1,4.2
553,2026-04-18 16:15:36+00:00,2026-04-18T16:15:36Z,P003,Leche,2,1.8,3.6
1014,2026-04-18 16:16:11+00:00,2026-04-18T16:16:11Z,P007,Galletas,1,1.6,1.6
616,2026-04-18 16:17:40+00:00,2026-04-18T16:17:40Z,P007,Galletas,1,1.6,1.6
796,2026-04-18 16:18:19+00:00,2026-04-18T16:18:19Z,P002,Pan,1,1.2,1.2
265,2026-04-18 16:18:29+00:00,2026-04-18T16:18:29Z,P007,Galletas,1,1.6,1.6
710,2026-04-18 16:20:24+00:00,2026-04-18T16:20:24Z,P005,Arroz,1,2.1,2.1
1143,2026-04-18 16:20:32+00:00,2026-04-18T16:20:32Z,P004,Huevos,1,3.9,3.9
272,2026-04-18 16:21:42+00:00,2026-04-18T16:21:42Z,P002,Pan,1,1.2,1.2
908,2026-04-18 16:22:04+00:00,2026-04-18T16:22:04Z,P006,Queso,1,4.5,4.5
274,2026-04-18 16:22:06+00:00,2026-04-18T16:22:06Z,P004,Huevos,1,3.9,3.9
1055,2026-04-18 16:25:17+00:00,2026-04-18T16:25:17Z,P008,Jugo,2,2.9,5.8
367,2026-04-18 16:27:10+00:00,2026-04-18T16:27:10Z,P008,Jugo,1,2.9,2.9
594,2026-04-18 16:27:11+00:00,2026-04-18T16:27:11Z,P008,Jugo,2,2.9,5.8
1176,2026-04-18 16:27:19+00:00,2026-04-18T16:27:19Z,P006,Queso,1,4.5,4.5
810,2026-04-18 16:29:54+00:00,2026-04-18T16:29:54Z,P002,Pan,1,1.2,1.2
996,2026-04-18 16:30:16+00:00,2026-04-18T16:30:16Z,P005,Arroz,2,2.1,4.2
977,2026-04-18 16:30:55+00:00,2026-04-18T16:30:55Z,P008,Jugo,1,2.9,2.9
675,2026-04-18 16:31:49+00:00,2026-04-18T16:31:49Z,P004,Huevos,2,3.9,7.8
1015,2026-04-18 16:32:18+00:00,2026-04-18T16:32:18Z,P006,Queso,4,4.5,18.0
1130,2026-04-18 16:33:08+00:00,2026-04-18T16:33:08Z,P005,Arroz,1,2.1,2.1
610,2026-04-18 16:34:17+00:00,2026-04-18T16:34:17Z,P003,Leche,1,1.8,1.8
440,2026-04-18 16:34:24+00:00,2026-04-18T16:34:24Z,P007,Galletas,3,1.6,4.8
1102,2026-04-18 16:34:44+00:00,2026-04-18T16:34:44Z,P008,Jugo,1,2.9,2.9
695,2026-04-18 16:35:15+00:00,2026-04-18T16:35:15Z,P002,Pan,1,1.2,1.2
623,2026-04-18 16:36:54+00:00,2026-04-18T16:36:54Z,P008,Jugo,2,2.9,5.8
1012,2026-04-18 16:37:22+00:00,2026-04-18T16:37:22Z,P006,Queso,4,4.5,18.0
569,2026-04-18 16:37:25+00:00,2026-04-18T16:37:25Z,P007,Galletas,1,1.6,1.6
304,2026-04-18 16:37:28+00:00,2026-04-18T16:37:28Z,P006,Queso,3,4.5,13.5
890,2026-04-18 16:37:36+00:00,2026-04-18T16:37:36Z,P007,Galletas,2,1.6,3.2
514,2026-04-18 16:37:37+00:00,2026-04-18T16:37:37Z,P007,Galletas,1,1.6,1.6
60,2026-04-18 16:37:38+00:00,2026-04-18T16:37:38Z,P001,Café,2,2.5,5.0
868,2026-04-18 16:41:42+00:00,2026-04-18T16:41:42Z,P008,Jugo,4,2.9,11.6
127,2026-04-18 16:42:01+00:00,2026-04-18T16:42:01Z,P002,Pan,2,1.2,2.4
433,2026-04-18 16:42:30+00:00,2026-04-18T16:42:30Z,P007,Galletas,1,1.6,1.6
226,2026-04-18 16:43:49+00:00,2026-04-18T16:43:49Z,P001,Café,3,2.5,7.5
476,2026-04-18 16:43:51+00:00,2026-04-18T16:43:51Z,P005,Arroz,2,2.1,4.2
560,2026-04-18 16:44:12+00:00,2026-04-18T16:44:12Z,P008,Jugo,1,2.9,2.9
348,2026-04-18 16:45:09+00:00,2026-04-18T16:45:09Z,P005,Arroz,1,2.1,2.1
1180,2026-04-18 16:46:07+00:00,2026-04-18T16:46:07Z,P003,Leche,1,1.8,1.8
136,2026-04-18 16:47:45+00:00,2026-04-18T16:47:45Z,P002,Pan,2,1.2,2.4
459,2026-04-18 16:48:12+00:00,2026-04-18T16:48:12Z,P003,Leche,2,1.8,3.6
509,2026-04-18 16:49:18+00:00,2026-04-18T16:49:18Z,P007,Galletas,1,1.6,1.6
602,2026-04-18 16:49:49+00:00,2026-04-18T16:49:49Z,P008,Jugo,1,2.9,2.9
1005,2026-04-18 16:49:52+00:00,2026-04-18T16:49:52Z,P003,Leche,2,1.8,3.6
852,2026-04-18 16:51:36+00:00,2026-04-18T16:51:36Z,P008,Jugo,1,2.9,2.9
716,2026-04-18 16:51:47+00:00,2026-04-18T16:51:47Z,P006,Queso,3,4.5,13.5
5,2026-04-18 16:51:55+00:00,2026-04-18T16:51:55Z,P001,Café,2,2.5,5.0
396,2026-04-18 16:52:55+00:00,2026-04-18T16:52:55Z,P001,Café,1,2.5,2.5
1113,2026-04-18 16:53:24+00:00,2026-04-18T16:53:24Z,P008,Jugo,1,2.9,2.9
412,2026-04-18 16:53:41+00:00,2026-04-18T16:53:41Z,P008,Jugo,1,2.9,2.9
1041,2026-04-18 16:54:24+00:00,2026-04-18T16:54:24Z,P004,Huevos,1,3.9,3.9
1053,2026-04-18 16:54:58+00:00,2026-04-18T16:54:58Z,P002,Pan,1,1.2,1.2
81,2026-04-18 16:55:26+00:00,2026-04-18T16:55:26Z,P003,Leche,4,1.8,7.2
882,2026-04-18 16:56:20+00:00,2026-04-18T16:56:20Z,P007,Galletas,1,1.6,1.6
885,2026-04-18 16:56:47+00:00,2026-04-18T16:56:47Z,P005,Arroz,3,2.1,6.3
728,2026-04-18 16:56:59+00:00,2026-04-18T16:56:59Z,P006,Queso,1,4.5,4.5
138,2026-04-18 16:58:24+00:00,2026-04-18T16:58:24Z,P007,Galletas,4,1.6,6.4
69,2026-04-18 16:59:42+00:00,2026-04-18T16:59:42Z,P002,Pan,4,1.2,4.8
1163,2026-04-18 17:00:04+00:00,2026-04-18T17:00:04Z,P007,Galletas,2,1.6,3.2
1,2026-04-18 17:01:47+00:00,2026-04-18T17:01:47Z,P005,Arroz,1,2.1,2.1
429,2026-04-18 17:02:36+00:00,2026-04-18T17:02:36Z,P002,Pan,1,1.2,1.2
1111,2026-04-18 17:02:53+00:00,2026-04-18T17:02:53Z,P003,Leche,1,1.8,1.8
1045,2026-04-18 17:03:13+00:00,2026-04-18T17:03:13Z,P005,Arroz,1,2.1,2.1
1142,2026-04-18 17:03:19+00:00,2026-04-18T17:03:19Z,P001,Café,1,2.5,2.5
637,2026-04-18 17:04:33+00:00,2026-04-18T17:04:33Z,P001,Café,2,2.5,5.0
541,2026-04-18 17:05:32+00:00,2026-04-18T17:05:32Z,P006,Queso,1,4.5,4.5
1061,2026-04-18 17:05:41+00:00,2026-04-18T17:05:41Z,P007,Galletas,1,1.6,1.6
1174,2026-04-18 17:05:46+00:00,2026-04-18T17:05:46Z,P007,Galletas,1,1.6,1.6
354,2026-04-18 17:06:49+00:00,2026-04-18T17:06:49Z,P006,Queso,1,4.5,4.5
96,2026-04-18 17:07:46+00:00,2026-04-18T17:07:46Z,P005,Arroz,1,2.1,2.1
826,2026-04-18 17:08:21+00:00,2026-04-18T17:08:21Z,P008,Jugo,1,2.9,2.9
627,2026-04-18 17:08:56+00:00,2026-04-18T17:08:56Z,P005,Arroz,1,2.1,2.1
305,2026-04-18 17:09:28+00:00,2026-04-18T17:09:28Z,P002,Pan,1,1.2,1.2
77,2026-04-18 17:09:34+00:00,2026-04-18T17:09:34Z,P001,Café,3,2.5,7.5
894,2026-04-18 17:09:53+00:00,2026-04-18T17:09:53Z,P001,Café,2,2.5,5.0
221,2026-04-18 17:10:04+00:00,2026-04-18T17:10:04Z,P008,Jugo,4,2.9,11.6
422,2026-04-18 17:10:25+00:00,2026-04-18T17:10:25Z,P005,Arroz,2,2.1,4.2
401,2026-04-18 17:10:28+00:00,2026-04-18T17:10:28Z,P007,Galletas,1,1.6,1.6
816,2026-04-18 17:11:20+00:00,2026-04-18T17:11:20Z,P001,Café,1,2.5,2.5
303,2026-04-18 17:11:49+00:00,2026-04-18T17:11:49Z,P008,Jugo,1,2.9,2.9
875,2026-04-18 17:12:07+00:00,2026-04-18T17:12:07Z,P007,Galletas,1,1.6,1.6
1092,2026-04-18 17:12:23+00:00,2026-04-18T17:12:23Z,P001,Café,3,2.5,7.5
585,2026-04-18 17:12:28+00:00,2026-04-18T17:12:28Z,P007,Galletas,1,1.6,1.6
1020,2026-04-18 17:14:43+00:00,2026-04-18T17:14:43Z,P004,Huevos,3,3.9,11.7
59,2026-04-18 17:15:25+00:00,2026-04-18T17:15:25Z,P002,Pan,4,1.2,4.8
642,2026-04-18 17:15:35+00:00,2026-04-18T17:15:35Z,P005,Arroz,2,2.1,4.2
349,2026-04-18 17:15:36+00:00,2026-04-18T17:15:36Z,P007,Galletas,1,1.6,1.6
246,2026-04-18 17:17:02+00:00,2026-04-18T17:17:02Z,P006,Queso,1,4.5,4.5
182,2026-04-18 17:17:36+00:00,2026-04-18T17:17:36Z,P001,Café,2,2.5,5.0
1185,2026-04-18 17:17:38+00:00,2026-04-18T17:17:38Z,P004,Huevos,2,3.9,7.8
1079,2026-04-18 17:17:44+00:00,2026-04-18T17:17:44Z,P008,Jugo,1,2.9,2.9
836,2026-04-18 17:18:07+00:00,2026-04-18T17:18:07Z,P002,Pan,1,1.2,1.2
467,2026-04-18 17:18:23+00:00,2026-04-18T17:18:23Z,P004,Huevos,1,3.9,3.9
399,2026-04-18 17:18:41+00:00,2026-04-18T17:18:41Z,P005,Arroz,1,2.1,2.1
887,2026-04-18 17:18:43+00:00,2026-04-18T17:18:43Z,P006,Queso,4,4.5,18.0
510,2026-04-18 17:19:16+00:00,2026-04-18T17:19:16Z,P006,Queso,1,4.5,4.5
792,2026-04-18 17:19:45+00:00,2026-04-18T17:19:45Z,P005,Arroz,1,2.1,2.1
1067,2026-04-18 17:19:58+00:00,2026-04-18T17:19:58Z,P006,Queso,1,4.5,4.5
914,2026-04-18 17:20:24+00:00,2026-04-18T17:20:24Z,P002,Pan,1,1.2,1.2
97,2026-04-18 17:20:25+00:00,2026-04-18T17:20:25Z,P005,Arroz,2,2.1,4.2
911,2026-04-18 17:21:23+00:00,2026-04-18T17:21:23Z,P005,Arroz,1,2.1,2.1
857,2026-04-18 17:21:33+00:00,2026-04-18T17:21:33Z,P002,Pan,1,1.2,1.2
1008,2026-04-18 17:23:15+00:00,2026-04-18T17:23:15Z,P001,Café,4,2.5,10.0
370,2026-04-18 17:23:32+00:00,2026-04-18T17:23:32Z,P003,Leche,4,1.8,7.2
684,2026-04-18 17:25:04+00:00,2026-04-18T17:25:04Z,P001,Café,1,2.5,2.5
1144,2026-04-18 17:25:28+00:00,2026-04-18T17:25:28Z,P002,Pan,1,1.2,1.2
125,2026-04-18 17:25:46+00:00,2026-04-18T17:25:46Z,P003,Leche,3,1.8,5.4
460,2026-04-18 17:25:52+00:00,2026-04-18T17:25:52Z,P007,Galletas,1,1.6,1.6
1046,2026-04-18 17:28:47+00:00,2026-04-18T17:28:47Z,P006,Queso,1,4.5,4.5
842,2026-04-18 17:29:18+00:00,2026-04-18T17:29:18Z,P005,Arroz,1,2.1,2.1
241,2026-04-18 17:29:58+00:00,2026-04-18T17:29:58Z,P005,Arroz,2,2.1,4.2
839,2026-04-18 17:30:21+00:00,2026-04-18T17:30:21Z,P004,Huevos,1,3.9,3.9
438,2026-04-18 17:31:20+00:00,2026-04-18T17:31:20Z,P008,Jugo,1,2.9,2.9
1050,2026-04-18 17:31:49+00:00,2026-04-18T17:31:49Z,P008,Jugo,3,2.9,8.7
805,2026-04-18 17:32:19+00:00,2026-04-18T17:32:19Z,P003,Leche,3,1.8,5.4
445,2026-04-18 17:33:14+00:00,2026-04-18T17:33:14Z,P004,Huevos,1,3.9,3.9
350,2026-04-18 17:33:23+00:00,2026-04-18T17:33:23Z,P002,Pan,4,1.2,4.8
1049,2026-04-18 17:34:11+00:00,2026-04-18T17:34:11Z,P005,Arroz,1,2.1,2.1
248,2026-04-18 17:34:57+00:00,2026-04-18T17:34:57Z,P006,Queso,1,4.5,4.5
240,2026-04-18 17:35:20+00:00,2026-04-18T17:35:20Z,P004,Huevos,2,3.9,7.8
938,2026-04-18 17:36:54+00:00,2026-04-18T17:36:54Z,P001,Café,3,2.5,7.5
264,2026-04-18 17:37:35+00:00,2026-04-18T17:37:35Z,P006,Queso,1,4.5,4.5
928,2026-04-18 17:38:05+00:00,2026-04-18T17:38:05Z,P005,Arroz,2,2.1,4.2
589,2026-04-18 17:38:24+00:00,2026-04-18T17:38:24Z,P007,Galletas,2,1.6,3.2
543,2026-04-18 17:38:25+00:00,2026-04-18T17:38:25Z,P006,Queso,1,4.5,4.5
470,2026-04-18 17:38:55+00:00,2026-04-18T17:38:55Z,P002,Pan,1,1.2,1.2
745,2026-04-18 17:38:56+00:00,2026-04-18T17:38:56Z,P007,Galletas,1,1.6,1.6
417,2026-04-18 17:39:07+00:00,2026-04-18T17:39:07Z,P003,Leche,4,1.8,7.2
103,2026-04-18 17:39:21+00:00,2026-04-18T17:39:21Z,P002,Pan,3,1.2,3.6
346,2026-04-18 17:39:29+00:00,2026-04-18T17:39:29Z,P002,Pan,1,1.2,1.2
488,2026-04-18 17:39:49+00:00,2026-04-18T17:39:49Z,P001,Café,1,2.5,2.5
319,2026-04-18 17:42:25+00:00,2026-04-18T17:42:25Z,P003,Leche,2,1.8,3.6
834,2026-04-18 17:42:33+00:00,2026-04-18T17:42:33Z,P005,Arroz,2,2.1,4.2
482,2026-04-18 17:42:55+00:00,2026-04-18T17:42:55Z,P003,Leche,2,1.8,3.6
523,2026-04-18 17:42:59+00:00,2026-04-18T17:42:59Z,P008,Jugo,2,2.9,5.8
789,2026-04-18 17:43:13+00:00,2026-04-18T17:43:13Z,P005,Arroz,2,2.1,4.2
516,2026-04-18 17:43:21+00:00,2026-04-18T17:43:21Z,P005,Arroz,2,2.1,4.2
229,2026-04-18 17:43:48+00:00,2026-04-18T17:43:48Z,P003,Leche,2,1.8,3.6
278,2026-04-18 17:44:17+00:00,2026-04-18T17:44:17Z,P001,Café,1,2.5,2.5
178,2026-04-18 17:44:25+00:00,2026-04-18T17:44:25Z,P005,Arroz,1,2.1,2.1
356,2026-04-18 17:44:30+00:00,2026-04-18T17:44:30Z,P003,Leche,3,1.8,5.4
1098,2026-04-18 17:44:34+00:00,2026-04-18T17:44:34Z,P002,Pan,1,1.2,1.2
883,2026-04-18 17:44:48+00:00,2026-04-18T17:44:48Z,P004,Huevos,1,3.9,3.9
630,2026-04-18 17:46:44+00:00,2026-04-18T17:46:44Z,P004,Huevos,1,3.9,3.9
735,2026-04-18 17:46:56+00:00,2026-04-18T17:46:56Z,P006,Queso,1,4.5,4.5
998,2026-04-18 17:47:14+00:00,2026-04-18T17:47:14Z,P008,Jugo,2,2.9,5.8
926,2026-04-18 17:48:47+00:00,2026-04-18T17:48:47Z,P001,Café,2,2.5,5.0
329,2026-04-18 17:48:47+00:00,2026-04-18T17:48:47Z,P008,Jugo,1,2.9,2.9
837,2026-04-18 17:49:16+00:00,2026-04-18T17:49:16Z,P004,Huevos,1,3.9,3.9
830,2026-04-18 17:49:34+00:00,2026-04-18T17:49:34Z,P001,Café,2,2.5,5.0
1109,2026-04-18 17:49:35+00:00,2026-04-18T17:49:35Z,P003,Leche,2,1.8,3.6
306,2026-04-18 17:50:17+00:00,2026-04-18T17:50:17Z,P001,Café,1,2.5,2.5
497,2026-04-18 17:50:33+00:00,2026-04-18T17:50:33Z,P006,Queso,2,4.5,9.0
721,2026-04-18 17:51:08+00:00,2026-04-18T17:51:08Z,P006,Queso,2,4.5,9.0
850,2026-04-18 17:51:10+00:00,2026-04-18T17:51:10Z,P002,Pan,1,1.2,1.2
546,2026-04-18 17:51:15+00:00,2026-04-18T17:51:15Z,P002,Pan,1,1.2,1.2
193,2026-04-18 17:51:15+00:00,2026-04-18T17:51:15Z,P003,Leche,1,1.8,1.8
1040,2026-04-18 17:52:06+00:00,2026-04-18T17:52:06Z,P005,Arroz,3,2.1,6.3
1127,2026-04-18 17:52:46+00:00,2026-04-18T17:52:46Z,P006,Queso,2,4.5,9.0
956,2026-04-18 17:54:51+00:00,2026-04-18T17:54:51Z,P003,Leche,2,1.8,3.6
643,2026-04-18 17:54:54+00:00,2026-04-18T17:54:54Z,P005,Arroz,1,2.1,2.1
597,2026-04-18 17:55:22+00:00,2026-04-18T17:55:22Z,P001,Café,1,2.5,2.5
1175,2026-04-18 17:55:40+00:00,2026-04-18T17:55:40Z,P004,Huevos,1,3.9,3.9
435,2026-04-18 17:55:46+00:00,2026-04-18T17:55:46Z,P005,Arroz,2,2.1,4.2
212,2026-04-18 17:56:48+00:00,2026-04-18T17:56:48Z,P008,Jugo,3,2.9,8.7
942,2026-04-18 17:57:12+00:00,2026-04-18T17:57:12Z,P006,Queso,1,4.5,4.5
220,2026-04-18 17:57:51+00:00,2026-04-18T17:57:51Z,P008,Jugo,3,2.9,8.7
840,2026-04-18 17:58:07+00:00,2026-04-18T17:58:07Z,P008,Jugo,1,2.9,2.9
1164,2026-04-18 17:58:42+00:00,2026-04-18T17:58:42Z,P006,Queso,3,4.5,13.5
1052,2026-04-18 17:59:21+00:00,2026-04-18T17:59:21Z,P007,Galletas,2,1.6,3.2
759,2026-04-18 17:59:30+00:00,2026-04-18T17:59:30Z,P004,Huevos,1,3.9,3.9
466,2026-04-18 17:59:57+00:00,2026-04-18T17:59:57Z,P005,Arroz,2,2.1,4.2
464,2026-04-18 18:00:16+00:00,2026-04-18T18:00:16Z,P006,Queso,2,4.5,9.0
678,2026-04-18 18:00:21+00:00,2026-04-18T18:00:21Z,P001,Café,2,2.5,5.0
94,2026-04-18 18:00:33+00:00,2026-04-18T18:00:33Z,P004,Huevos,1,3.9,3.9
991,2026-04-18 18:00:36+00:00,2026-04-18T18:00:36Z,P002,Pan,1,1.2,1.2
458,2026-04-18 18:00:47+00:00,2026-04-18T18:00:47Z,P006,Queso,2,4.5,9.0
1115,2026-04-18 18:00:59+00:00,2026-04-18T18:00:59Z,P004,Huevos,2,3.9,7.8
281,2026-04-18 18:01:05+00:00,2026-04-18T18:01:05Z,P004,Huevos,1,3.9,3.9
922,2026-04-18 18:02:05+00:00,2026-04-18T18:02:05Z,P002,Pan,1,1.2,1.2
692,2026-04-18 18:02:13+00:00,2026-04-18T18:02:13Z,P006,Queso,1,4.5,4.5
205,2026-04-18 18:02:20+00:00,2026-04-18T18:02:20Z,P008,Jugo,2,2.9,5.8
11,2026-04-18 18:02:42+00:00,2026-04-18T18:02:42Z,P004,Huevos,2,3.9,7.8
42,2026-04-18 18:03:14+00:00,2026-04-18T18:03:14Z,P002,Pan,3,1.2,3.6
490,2026-04-18 18:03:15+00:00,2026-04-18T18:03:15Z,P001,Café,1,2.5,2.5
432,2026-04-18 18:03:45+00:00,2026-04-18T18:03:45Z,P003,Leche,1,1.8,1.8
64,2026-04-18 18:04:00+00:00,2026-04-18T18:04:00Z,P008,Jugo,2,2.9,5.8
299,2026-04-18 18:04:32+00:00,2026-04-18T18:04:32Z,P002,Pan,1,1.2,1.2
85,2026-04-18 18:06:24+00:00,2026-04-18T18:06:24Z,P001,Café,3,2.5,7.5
162,2026-04-18 18:06:55+00:00,2026-04-18T18:06:55Z,P001,Café,2,2.5,5.0
904,2026-04-18 18:07:24+00:00,2026-04-18T18:07:24Z,P001,Café,1,2.5,2.5
1032,2026-04-18 18:08:03+00:00,2026-04-18T18:08:03Z,P007,Galletas,1,1.6,1.6
444,2026-04-18 18:08:06+00:00,2026-04-18T18:08:06Z,P004,Huevos,1,3.9,3.9
1070,2026-04-18 18:08:22+00:00,2026-04-18T18:08:22Z,P005,Arroz,1,2.1,2.1
1085,2026-04-18 18:09:03+00:00,2026-04-18T18:09:03Z,P005,Arroz,2,2.1,4.2
738,2026-04-18 18:10:56+00:00,2026-04-18T18:10:56Z,P007,Galletas,1,1.6,1.6
762,2026-04-18 18:11:10+00:00,2026-04-18T18:11:10Z,P004,Huevos,3,3.9,11.7
360,2026-04-18 18:12:18+00:00,2026-04-18T18:12:18Z,P006,Queso,3,4.5,13.5
408,2026-04-18 18:12:48+00:00,2026-04-18T18:12:48Z,P003,Leche,1,1.8,1.8
443,2026-04-18 18:13:12+00:00,2026-04-18T18:13:12Z,P005,Arroz,4,2.1,8.4
191,2026-04-18 18:13:17+00:00,2026-04-18T18:13:17Z,P003,Leche,4,1.8,7.2
586,2026-04-18 18:13:17+00:00,2026-04-18T18:13:17Z,P002,Pan,2,1.2,2.4
252,2026-04-18 18:13:37+00:00,2026-04-18T18:13:37Z,P004,Huevos,3,3.9,11.7
697,2026-04-18 18:14:08+00:00,2026-04-18T18:14:08Z,P004,Huevos,3,3.9,11.7
484,2026-04-18 18:14:53+00:00,2026-04-18T18:14:53Z,P001,Café,2,2.5,5.0
116,2026-04-18 18:15:17+00:00,2026-04-18T18:15:17Z,P006,Queso,1,4.5,4.5
1088,2026-04-18 18:15:24+00:00,2026-04-18T18:15:24Z,P008,Jugo,1,2.9,2.9
1114,2026-04-18 18:16:03+00:00,2026-04-18T18:16:03Z,P006,Queso,1,4.5,4.5
210,2026-04-18 18:16:21+00:00,2026-04-18T18:16:21Z,P007,Galletas,2,1.6,3.2
336,2026-04-18 18:17:28+00:00,2026-04-18T18:17:28Z,P003,Leche,3,1.8,5.4
158,2026-04-18 18:17:46+00:00,2026-04-18T18:17:46Z,P005,Arroz,5,2.1,10.5
200,2026-04-18 18:17:52+00:00,2026-04-18T18:17:52Z,P001,Café,1,2.5,2.5
449,2026-04-18 18:18:20+00:00,2026-04-18T18:18:20Z,P005,Arroz,2,2.1,4.2
55,2026-04-18 18:18:27+00:00,2026-04-18T18:18:27Z,P008,Jugo,1,2.9,2.9
611,2026-04-18 18:18:36+00:00,2026-04-18T18:18:36Z,P005,Arroz,4,2.1,8.4
809,2026-04-18 18:19:26+00:00,2026-04-18T18:19:26Z,P006,Queso,1,4.5,4.5
591,2026-04-18 18:19:58+00:00,2026-04-18T18:19:58Z,P002,Pan,2,1.2,2.4
279,2026-04-18 18:19:58+00:00,2026-04-18T18:19:58Z,P006,Queso,1,4.5,4.5
562,2026-04-18 18:20:24+00:00,2026-04-18T18:20:24Z,P005,Arroz,3,2.1,6.3
268,2026-04-18 18:20:27+00:00,2026-04-18T18:20:27Z,P006,Queso,2,4.5,9.0
889,2026-04-18 18:20:45+00:00,2026-04-18T18:20:45Z,P002,Pan,2,1.2,2.4
518,2026-04-18 18:22:10+00:00,2026-04-18T18:22:10Z,P003,Leche,2,1.8,3.6
693,2026-04-18 18:22:25+00:00,2026-04-18T18:22:25Z,P001,Café,2,2.5,5.0
709,2026-04-18 18:22:30+00:00,2026-04-18T18:22:30Z,P008,Jugo,1,2.9,2.9
392,2026-04-18 18:22:33+00:00,2026-04-18T18:22:33Z,P005,Arroz,3,2.1,6.3
556,2026-04-18 18:23:16+00:00,2026-04-18T18:23:16Z,P004,Huevos,2,3.9,7.8
121,2026-04-18 18:24:30+00:00,2026-04-18T18:24:30Z,P001,Café,4,2.5,10.0
781,2026-04-18 18:25:08+00:00,2026-04-18T18:25:08Z,P001,Café,1,2.5,2.5
997,2026-04-18 18:25:47+00:00,2026-04-18T18:25:47Z,P003,Leche,3,1.8,5.4
398,2026-04-18 18:26:39+00:00,2026-04-18T18:26:39Z,P001,Café,1,2.5,2.5
835,2026-04-18 18:26:53+00:00,2026-04-18T18:26:53Z,P002,Pan,1,1.2,1.2
613,2026-04-18 18:26:58+00:00,2026-04-18T18:26:58Z,P001,Café,5,2.5,12.5
293,2026-04-18 18:27:01+00:00,2026-04-18T18:27:01Z,P008,Jugo,4,2.9,11.6
214,2026-04-18 18:27:06+00:00,2026-04-18T18:27:06Z,P002,Pan,1,1.2,1.2
313,2026-04-18 18:28:33+00:00,2026-04-18T18:28:33Z,P003,Leche,1,1.8,1.8
625,2026-04-18 18:29:01+00:00,2026-04-18T18:29:01Z,P002,Pan,4,1.2,4.8
1034,2026-04-18 18:29:07+00:00,2026-04-18T18:29:07Z,P008,Jugo,1,2.9,2.9
106,2026-04-18 18:29:26+00:00,2026-04-18T18:29:26Z,P004,Huevos,2,3.9,7.8
858,2026-04-18 18:30:22+00:00,2026-04-18T18:30:22Z,P007,Galletas,1,1.6,1.6
258,2026-04-18 18:30:28+00:00,2026-04-18T18:30:28Z,P006,Queso,1,4.5,4.5
593,2026-04-18 18:32:24+00:00,2026-04-18T18:32:24Z,P007,Galletas,2,1.6,3.2
1007,2026-04-18 18:32:33+00:00,2026-04-18T18:32:33Z,P004,Huevos,2,3.9,7.8
196,2026-04-18 18:32:45+00:00,2026-04-18T18:32:45Z,P005,Arroz,1,2.1,2.1
30,2026-04-18 18:32:58+00:00,2026-04-18T18:32:58Z,P002,Pan,3,1.2,3.6
582,2026-04-18 18:33:11+00:00,2026-04-18T18:33:11Z,P003,Leche,1,1.8,1.8
912,2026-04-18 18:33:30+00:00,2026-04-18T18:33:30Z,P001,Café,1,2.5,2.5
1029,2026-04-18 18:34:02+00:00,2026-04-18T18:34:02Z,P008,Jugo,1,2.9,2.9
9,2026-04-18 18:34:07+00:00,2026-04-18T18:34:07Z,P007,Galletas,1,1.6,1.6
32,2026-04-18 18:34:49+00:00,2026-04-18T18:34:49Z,P001,Café,2,2.5,5.0
381,2026-04-18 18:35:34+00:00,2026-04-18T18:35:34Z,P005,Arroz,3,2.1,6.3
1123,2026-04-18 18:36:22+00:00,2026-04-18T18:36:22Z,P008,Jugo,2,2.9,5.8
283,2026-04-18 18:36:38+00:00,2026-04-18T18:36:38Z,P002,Pan,3,1.2,3.6
740,2026-04-18 18:36:41+00:00,2026-04-18T18:36:41Z,P004,Huevos,1,3.9,3.9
180,2026-04-18 18:38:16+00:00,2026-04-18T18:38:16Z,P001,Café,1,2.5,2.5
167,2026-04-18 18:38:38+00:00,2026-04-18T18:38:38Z,P004,Huevos,2,3.9,7.8
985,2026-04-18 18:41:27+00:00,2026-04-18T18:41:27Z,P007,Galletas,1,1.6,1.6
801,2026-04-18 18:41:31+00:00,2026-04-18T18:41:31Z,P005,Arroz,1,2.1,2.1
595,2026-04-18 18:41:59+00:00,2026-04-18T18:41:59Z,P003,Leche,2,1.8,3.6
104,2026-04-18 18:43:19+00:00,2026-04-18T18:43:19Z,P004,Huevos,3,3.9,11.7
608,2026-04-18 18:44:22+00:00,2026-04-18T18:44:22Z,P007,Galletas,1,1.6,1.6
426,2026-04-18 18:44:40+00:00,2026-04-18T18:44:40Z,P001,Café,2,2.5,5.0
618,2026-04-18 18:44:59+00:00,2026-04-18T18:44:59Z,P006,Queso,1,4.5,4.5
508,2026-04-18 18:45:13+00:00,2026-04-18T18:45:13Z,P007,Galletas,3,1.6,4.8
737,2026-04-18 18:46:00+00:00,2026-04-18T18:46:00Z,P001,Café,1,2.5,2.5
747,2026-04-18 18:46:34+00:00,2026-04-18T18:46:34Z,P005,Arroz,2,2.1,4.2
807,2026-04-18 18:46:51+00:00,2026-04-18T18:46:51Z,P003,Leche,4,1.8,7.2
658,2026-04-18 18:47:11+00:00,2026-04-18T18:47:11Z,P002,Pan,1,1.2,1.2
674,2026-04-18 18:47:39+00:00,2026-04-18T18:47:39Z,P004,Huevos,1,3.9,3.9
170,2026-04-18 18:48:13+00:00,2026-04-18T18:48:13Z,P004,Huevos,1,3.9,3.9
414,2026-04-18 18:48:25+00:00,2026-04-18T18:48:25Z,P006,Queso,1,4.5,4.5
604,2026-04-18 18:48:46+00:00,2026-04-18T18:48:46Z,P008,Jugo,1,2.9,2.9
988,2026-04-18 18:48:53+00:00,2026-04-18T18:48:53Z,P002,Pan,1,1.2,1.2
636,2026-04-18 18:48:55+00:00,2026-04-18T18:48:55Z,P003,Leche,2,1.8,3.6
568,2026-04-18 18:50:24+00:00,2026-04-18T18:50:24Z,P002,Pan,1,1.2,1.2
765,2026-04-18 18:51:04+00:00,2026-04-18T18:51:04Z,P002,Pan,1,1.2,1.2
1077,2026-04-18 18:51:17+00:00,2026-04-18T18:51:17Z,P007,Galletas,1,1.6,1.6
1072,2026-04-18 18:51:18+00:00,2026-04-18T18:51:18Z,P004,Huevos,2,3.9,7.8
123,2026-04-18 18:51:38+00:00,2026-04-18T18:51:38Z,P004,Huevos,1,3.9,3.9
48,2026-04-18 18:51:55+00:00,2026-04-18T18:51:55Z,P002,Pan,1,1.2,1.2
633,2026-04-18 18:52:07+00:00,2026-04-18T18:52:07Z,P007,Galletas,2,1.6,3.2
976,2026-04-18 18:52:18+00:00,2026-04-18T18:52:18Z,P002,Pan,1,1.2,1.2
493,2026-04-18 18:52:20+00:00,2026-04-18T18:52:20Z,P004,Huevos,1,3.9,3.9
387,2026-04-18 18:52:36+00:00,2026-04-18T18:52:36Z,P002,Pan,1,1.2,1.2
615,2026-04-18 18:53:15+00:00,2026-04-18T18:53:15Z,P007,Galletas,1,1.6,1.6
1119,2026-04-18 18:53:19+00:00,2026-04-18T18:53:19Z,P002,Pan,4,1.2,4.8
114,2026-04-18 18:53:40+00:00,2026-04-18T18:53:40Z,P005,Arroz,2,2.1,4.2
227,2026-04-18 18:53:57+00:00,2026-04-18T18:53:57Z,P005,Arroz,2,2.1,4.2
851,2026-04-18 18:54:10+00:00,2026-04-18T18:54:10Z,P002,Pan,1,1.2,1.2
266,2026-04-18 18:54:41+00:00,2026-04-18T18:54:41Z,P004,Huevos,1,3.9,3.9
140,2026-04-18 18:54:43+00:00,2026-04-18T18:54:43Z,P002,Pan,2,1.2,2.4
233,2026-04-18 18:56:23+00:00,2026-04-18T18:56:23Z,P005,Arroz,3,2.1,6.3
245,2026-04-18 18:56:26+00:00,2026-04-18T18:56:26Z,P002,Pan,3,1.2,3.6
215,2026-04-18 18:57:01+00:00,2026-04-18T18:57:01Z,P001,Café,1,2.5,2.5
935,2026-04-18 18:57:46+00:00,2026-04-18T18:57:46Z,P006,Queso,1,4.5,4.5
451,2026-04-18 18:59:02+00:00,2026-04-18T18:59:02Z,P003,Leche,1,1.8,1.8
1025,2026-04-18 18:59:58+00:00,2026-04-18T18:59:58Z,P004,Huevos,1,3.9,3.9
1157,2026-04-18 19:00:21+00:00,2026-04-18T19:00:21Z,P002,Pan,1,1.2,1.2
189,2026-04-18 19:00:42+00:00,2026-04-18T19:00:42Z,P008,Jugo,1,2.9,2.9
1063,2026-04-18 19:01:02+00:00,2026-04-18T19:01:02Z,P006,Queso,3,4.5,13.5
671,2026-04-18 19:02:25+00:00,2026-04-18T19:02:25Z,P002,Pan,3,1.2,3.6
1118,2026-04-18 19:03:52+00:00,2026-04-18T19:03:52Z,P005,Arroz,1,2.1,2.1
43,2026-04-18 19:04:32+00:00,2026-04-18T19:04:32Z,P004,Huevos,1,3.9,3.9
1023,2026-04-18 19:04:35+00:00,2026-04-18T19:04:35Z,P003,Leche,1,1.8,1.8
308,2026-04-18 19:04:41+00:00,2026-04-18T19:04:41Z,P002,Pan,2,1.2,2.4
861,2026-04-18 19:04:48+00:00,2026-04-18T19:04:48Z,P008,Jugo,1,2.9,2.9
520,2026-04-18 19:04:52+00:00,2026-04-18T19:04:52Z,P001,Café,2,2.5,5.0
566,2026-04-18 19:04:52+00:00,2026-04-18T19:04:52Z,P007,Galletas,2,1.6,3.2
147,2026-04-18 19:05:17+00:00,2026-04-18T19:05:17Z,P008,Jugo,1,2.9,2.9
270,2026-04-18 19:05:27+00:00,2026-04-18T19:05:27Z,P002,Pan,2,1.2,2.4
503,2026-04-18 19:05:34+00:00,2026-04-18T19:05:34Z,P004,Huevos,1,3.9,3.9
143,2026-04-18 19:06:27+00:00,2026-04-18T19:06:27Z,P006,Queso,2,4.5,9.0
534,2026-04-18 19:06:57+00:00,2026-04-18T19:06:57Z,P001,Café,1,2.5,2.5
696,2026-04-18 19:08:07+00:00,2026-04-18T19:08:07Z,P001,Café,1,2.5,2.5
614,2026-04-18 19:08:44+00:00,2026-04-18T19:08:44Z,P003,Leche,1,1.8,1.8
949,2026-04-18 19:08:57+00:00,2026-04-18T19:08:57Z,P004,Huevos,1,3.9,3.9
749,2026-04-18 19:09:03+00:00,2026-04-18T19:09:03Z,P006,Queso,1,4.5,4.5
24,2026-04-18 19:09:40+00:00,2026-04-18T19:09:40Z,P003,Leche,2,1.8,3.6
764,2026-04-18 19:09:53+00:00,2026-04-18T19:09:53Z,P005,Arroz,1,2.1,2.1
407,2026-04-18 19:10:52+00:00,2026-04-18T19:10:52Z,P006,Queso,4,4.5,18.0
1137,2026-04-18 19:11:31+00:00,2026-04-18T19:11:31Z,P002,Pan,2,1.2,2.4
815,2026-04-18 19:11:49+00:00,2026-04-18T19:11:49Z,P002,Pan,1,1.2,1.2
876,2026-04-18 19:12:45+00:00,2026-04-18T19:12:45Z,P006,Queso,1,4.5,4.5
297,2026-04-18 19:15:27+00:00,2026-04-18T19:15:27Z,P007,Galletas,1,1.6,1.6
486,2026-04-18 19:15:29+00:00,2026-04-18T19:15:29Z,P006,Queso,1,4.5,4.5
256,2026-04-18 19:15:37+00:00,2026-04-18T19:15:37Z,P006,Queso,1,4.5,4.5
708,2026-04-18 19:15:40+00:00,2026-04-18T19:15:40Z,P001,Café,5,2.5,12.5
787,2026-04-18 19:16:47+00:00,2026-04-18T19:16:47Z,P002,Pan,1,1.2,1.2
1016,2026-04-18 19:16:56+00:00,2026-04-18T19:16:56Z,P005,Arroz,2,2.1,4.2
364,2026-04-18 19:17:51+00:00,2026-04-18T19:17:51Z,P002,Pan,2,1.2,2.4
159,2026-04-18 19:18:14+00:00,2026-04-18T19:18:14Z,P006,Queso,1,4.5,4.5
931,2026-04-18 19:18:40+00:00,2026-04-18T19:18:40Z,P003,Leche,1,1.8,1.8
166,2026-04-18 19:19:05+00:00,2026-04-18T19:19:05Z,P004,Huevos,1,3.9,3.9
34,2026-04-18 19:19:15+00:00,2026-04-18T19:19:15Z,P001,Café,1,2.5,2.5
775,2026-04-18 19:19:19+00:00,2026-04-18T19:19:19Z,P005,Arroz,3,2.1,6.3
90,2026-04-18 19:21:01+00:00,2026-04-18T19:21:01Z,P002,Pan,3,1.2,3.6
150,2026-04-18 19:21:17+00:00,2026-04-18T19:21:17Z,P005,Arroz,2,2.1,4.2
506,2026-04-18 19:21:19+00:00,2026-04-18T19:21:19Z,P001,Café,1,2.5,2.5
186,2026-04-18 19:21:26+00:00,2026-04-18T19:21:26Z,P008,Jugo,1,2.9,2.9
237,2026-04-18 19:23:05+00:00,2026-04-18T19:23:05Z,P007,Galletas,1,1.6,1.6
239,2026-04-18 19:23:06+00:00,2026-04-18T19:23:06Z,P004,Huevos,1,3.9,3.9
570,2026-04-18 19:23:44+00:00,2026-04-18T19:23:44Z,P002,Pan,1,1.2,1.2
206,2026-04-18 19:24:42+00:00,2026-04-18T19:24:42Z,P003,Leche,1,1.8,1.8
621,2026-04-18 19:25:13+00:00,2026-04-18T19:25:13Z,P007,Galletas,3,1.6,4.8
18,2026-04-18 19:25:17+00:00,2026-04-18T19:25:17Z,P002,Pan,1,1.2,1.2
864,2026-04-18 19:28:05+00:00,2026-04-18T19:28:05Z,P008,Jugo,1,2.9,2.9
473,2026-04-18 19:28:07+00:00,2026-04-18T19:28:07Z,P004,Huevos,2,3.9,7.8
1019,2026-04-18 19:30:07+00:00,2026-04-18T19:30:07Z,P005,Arroz,1,2.1,2.1
966,2026-04-18 19:31:50+00:00,2026-04-18T19:31:50Z,P008,Jugo,3,2.9,8.7
784,2026-04-18 19:32:25+00:00,2026-04-18T19:32:25Z,P002,Pan,2,1.2,2.4
587,2026-04-18 19:34:11+00:00,2026-04-18T19:34:11Z,P006,Queso,1,4.5,4.5
923,2026-04-18 19:35:04+00:00,2026-04-18T19:35:04Z,P004,Huevos,3,3.9,11.7
51,2026-04-18 19:35:06+00:00,2026-04-18T19:35:06Z,P001,Café,2,2.5,5.0
648,2026-04-18 19:36:26+00:00,2026-04-18T19:36:26Z,P006,Queso,1,4.5,4.5
294,2026-04-18 19:36:27+00:00,2026-04-18T19:36:27Z,P007,Galletas,2,1.6,3.2
146,2026-04-18 19:37:17+00:00,2026-04-18T19:37:17Z,P006,Queso,3,4.5,13.5
786,2026-04-18 19:37:35+00:00,2026-04-18T19:37:35Z,P006,Queso,1,4.5,4.5
811,2026-04-18 19:37:37+00:00,2026-04-18T19:37:37Z,P002,Pan,1,1.2,1.2
978,2026-04-18 19:38:09+00:00,2026-04-18T19:38:09Z,P003,Leche,2,1.8,3.6
800,2026-04-18 19:38:25+00:00,2026-04-18T19:38:25Z,P006,Queso,2,4.5,9.0
867,2026-04-18 19:39:40+00:00,2026-04-18T19:39:40Z,P005,Arroz,3,2.1,6.3
1000,2026-04-18 19:39:44+00:00,2026-04-18T19:39:44Z,P001,Café,1,2.5,2.5
1076,2026-04-18 19:39:51+00:00,2026-04-18T19:39:51Z,P005,Arroz,1,2.1,2.1
951,2026-04-18 19:40:01+00:00,2026-04-18T19:40:01Z,P007,Galletas,2,1.6,3.2
1183,2026-04-18 19:40:59+00:00,2026-04-18T19:40:59Z,P005,Arroz,1,2.1,2.1
310,2026-04-18 19:41:12+00:00,2026-04-18T19:41:12Z,P006,Queso,2,4.5,9.0
776,2026-04-18 19:43:06+00:00,2026-04-18T19:43:06Z,P004,Huevos,1,3.9,3.9
400,2026-04-18 19:43:25+00:00,2026-04-18T19:43:25Z,P005,Arroz,1,2.1,2.1
526,2026-04-18 19:43:27+00:00,2026-04-18T19:43:27Z,P003,Leche,1,1.8,1.8
1132,2026-04-18 19:44:52+00:00,2026-04-18T19:44:52Z,P005,Arroz,3,2.1,6.3
312,2026-04-18 19:45:05+00:00,2026-04-18T19:45:05Z,P003,Leche,1,1.8,1.8
144,2026-04-18 19:45:09+00:00,2026-04-18T19:45:09Z,P007,Galletas,1,1.6,1.6
382,2026-04-18 19:45:45+00:00,2026-04-18T19:45:45Z,P003,Leche,2,1.8,3.6
714,2026-04-18 19:47:03+00:00,2026-04-18T19:47:03Z,P004,Huevos,2,3.9,7.8
874,2026-04-18 19:47:46+00:00,2026-04-18T19:47:46Z,P007,Galletas,1,1.6,1.6
531,2026-04-18 19:48:02+00:00,2026-04-18T19:48:02Z,P002,Pan,1,1.2,1.2
273,2026-04-18 19:48:27+00:00,2026-04-18T19:48:27Z,P001,Café,4,2.5,10.0
17,2026-04-18 19:49:03+00:00,2026-04-18T19:49:03Z,P004,Huevos,3,3.9,11.7
277,2026-04-18 19:49:52+00:00,2026-04-18T19:49:52Z,P001,Café,2,2.5,5.0
672,2026-04-18 19:49:54+00:00,2026-04-18T19:49:54Z,P005,Arroz,1,2.1,2.1
701,2026-04-18 19:51:21+00:00,2026-04-18T19:51:21Z,P002,Pan,1,1.2,1.2
292,2026-04-18 19:51:22+00:00,2026-04-18T19:51:22Z,P002,Pan,1,1.2,1.2
333,2026-04-18 19:51:38+00:00,2026-04-18T19:51:38Z,P003,Leche,3,1.8,5.4
780,2026-04-18 19:52:03+00:00,2026-04-18T19:52:03Z,P003,Leche,1,1.8,1.8
301,2026-04-18 19:52:09+00:00,2026-04-18T19:52:09Z,P004,Huevos,1,3.9,3.9
758,2026-04-18 19:52:33+00:00,2026-04-18T19:52:33Z,P007,Galletas,4,1.6,6.4
211,2026-04-18 19:54:43+00:00,2026-04-18T19:54:43Z,P007,Galletas,4,1.6,6.4
87,2026-04-18 19:55:14+00:00,2026-04-18T19:55:14Z,P004,Huevos,1,3.9,3.9
724,2026-04-18 19:55:23+00:00,2026-04-18T19:55:23Z,P002,Pan,1,1.2,1.2
1193,2026-04-18 19:56:15+00:00,2026-04-18T19:56:15Z,P007,Galletas,1,1.6,1.6
859,2026-04-18 19:57:39+00:00,2026-04-18T19:57:39Z,P001,Café,1,2.5,2.5
177,2026-04-18 19:58:18+00:00,2026-04-18T19:58:18Z,P008,Jugo,1,2.9,2.9
317,2026-04-18 19:58:38+00:00,2026-04-18T19:58:38Z,P003,Leche,1,1.8,1.8
1104,2026-04-18 19:58:55+00:00,2026-04-18T19:58:55Z,P003,Leche,1,1.8,1.8
452,2026-04-18 19:59:58+00:00,2026-04-18T19:59:58Z,P001,Café,5,2.5,12.5
767,2026-04-18 20:00:50+00:00,2026-04-18T20:00:50Z,P007,Galletas,1,1.6,1.6
343,2026-04-18 20:01:16+00:00,2026-04-18T20:01:16Z,P004,Huevos,3,3.9,11.7
950,2026-04-18 20:04:46+00:00,2026-04-18T20:04:46Z,P002,Pan,3,1.2,3.6
450,2026-04-18 20:05:41+00:00,2026-04-18T20:05:41Z,P004,Huevos,1,3.9,3.9
377,2026-04-18 20:07:16+00:00,2026-04-18T20:07:16Z,P005,Arroz,2,2.1,4.2
657,2026-04-18 20:07:29+00:00,2026-04-18T20:07:29Z,P001,Café,1,2.5,2.5
806,2026-04-18 20:11:18+00:00,2026-04-18T20:11:18Z,P002,Pan,1,1.2,1.2
782,2026-04-18 20:12:53+00:00,2026-04-18T20:12:53Z,P001,Café,1,2.5,2.5
753,2026-04-18 20:16:05+00:00,2026-04-18T20:16:05Z,P007,Galletas,1,1.6,1.6
1169,2026-04-18 20:19:21+00:00,2026-04-18T20:19:21Z,P008,Jugo,1,2.9,2.9
773,2026-04-18 20:21:44+00:00,2026-04-18T20:21:44Z,P004,Huevos,1,3.9,3.9
754,2026-04-18 20:23:11+00:00,2026-04-18T20:23:11Z,P008,Jugo,1,2.9,2.9
314,2026-04-18 20:24:26+00:00,2026-04-18T20:24:26Z,P006,Queso,2,4.5,9.0
1004,2026-04-18 20:25:39+00:00,2026-04-18T20:25:39Z,P005,Arroz,2,2.1,4.2
686,2026-04-18 20:25:44+00:00,2026-04-18T20:25:44Z,P006,Queso,1,4.5,4.5
338,2026-04-18 20:26:03+00:00,2026-04-18T20:26:03Z,P007,Galletas,1,1.6,1.6
990,2026-04-18 20:26:16+00:00,2026-04-18T20:26:16Z,P004,Huevos,1,3.9,3.9
267,2026-04-18 20:26:21+00:00,2026-04-18T20:26:21Z,P008,Jugo,1,2.9,2.9
779,2026-04-18 20:26:47+00:00,2026-04-18T20:26:47Z,P008,Jugo,2,2.9,5.8
208,2026-04-18 20:28:06+00:00,2026-04-18T20:28:06Z,P008,Jugo,1,2.9,2.9
481,2026-04-18 20:28:55+00:00,2026-04-18T20:28:55Z,P007,Galletas,1,1.6,1.6
195,2026-04-18 20:29:07+00:00,2026-04-18T20:29:07Z,P003,Leche,1,1.8,1.8
1161,2026-04-18 20:33:02+00:00,2026-04-18T20:33:02Z,P005,Arroz,1,2.1,2.1
891,2026-04-18 20:34:18+00:00,2026-04-18T20:34:18Z,P007,Galletas,3,1.6,4.8
1126,2026-04-18 20:35:20+00:00,2026-04-18T20:35:20Z,P006,Queso,1,4.5,4.5
347,2026-04-18 20:38:34+00:00,2026-04-18T20:38:34Z,P001,Café,2,2.5,5.0
326,2026-04-18 20:39:08+00:00,2026-04-18T20:39:08Z,P007,Galletas,1,1.6,1.6
126,2026-04-18 20:39:34+00:00,2026-04-18T20:39:34Z,P001,Café,3,2.5,7.5
112,2026-04-18 20:39:52+00:00,2026-04-18T20:39:52Z,P007,Galletas,3,1.6,4.8
1107,2026-04-18 20:39:54+00:00,2026-04-18T20:39:54Z,P006,Queso,2,4.5,9.0
230,2026-04-18 20:41:02+00:00,2026-04-18T20:41:02Z,P005,Arroz,2,2.1,4.2
808,2026-04-18 20:41:05+00:00,2026-04-18T20:41:05Z,P004,Huevos,1,3.9,3.9
260,2026-04-18 20:42:33+00:00,2026-04-18T20:42:33Z,P005,Arroz,1,2.1,2.1
536,2026-04-18 20:43:59+00:00,2026-04-18T20:43:59Z,P005,Arroz,3,2.1,6.3
535,2026-04-18 20:44:56+00:00,2026-04-18T20:44:56Z,P008,Jugo,1,2.9,2.9
901,2026-04-18 20:45:45+00:00,2026-04-18T20:45:45Z,P006,Queso,2,4.5,9.0
1181,2026-04-18 20:46:01+00:00,2026-04-18T20:46:01Z,P006,Queso,3,4.5,13.5
854,2026-04-18 20:46:57+00:00,2026-04-18T20:46:57Z,P003,Leche,1,1.8,1.8
624,2026-04-18 20:48:03+00:00,2026-04-18T20:48:03Z,P001,Café,1,2.5,2.5
1179,2026-04-18 20:49:09+00:00,2026-04-18T20:49:09Z,P003,Leche,1,1.8,1.8
932,2026-04-18 20:50:55+00:00,2026-04-18T20:50:55Z,P006,Queso,4,4.5,18.0
761,2026-04-18 20:51:36+00:00,2026-04-18T20:51:36Z,P003,Leche,1,1.8,1.8
1116,2026-04-18 20:53:05+00:00,2026-04-18T20:53:05Z,P008,Jugo,3,2.9,8.7
340,2026-04-18 20:53:45+00:00,2026-04-18T20:53:45Z,P006,Queso,2,4.5,9.0
936,2026-04-18 20:54:32+00:00,2026-04-18T20:54:32Z,P003,Leche,1,1.8,1.8
722,2026-04-18 20:54:55+00:00,2026-04-18T20:54:55Z,P006,Queso,1,4.5,4.5
961,2026-04-18 20:56:02+00:00,2026-04-18T20:56:02Z,P001,Café,5,2.5,12.5
770,2026-04-18 20:56:26+00:00,2026-04-18T20:56:26Z,P005,Arroz,1,2.1,2.1
1172,2026-04-18 20:56:52+00:00,2026-04-18T20:56:52Z,P001,Café,4,2.5,10.0
682,2026-04-18 20:57:54+00:00,2026-04-18T20:57:54Z,P007,Galletas,2,1.6,3.2
1001,2026-04-18 21:00:51+00:00,2026-04-18T21:00:51Z,P002,Pan,3,1.2,3.6
668,2026-04-18 21:02:35+00:00,2026-04-18T21:02:35Z,P007,Galletas,1,1.6,1.6
373,2026-04-18 21:02:38+00:00,2026-04-18T21:02:38Z,P003,Leche,2,1.8,3.6
261,2026-04-18 21:03:30+00:00,2026-04-18T21:03:30Z,P007,Galletas,1,1.6,1.6
442,2026-04-18 21:05:22+00:00,2026-04-18T21:05:22Z,P008,Jugo,2,2.9,5.8
1120,2026-04-18 21:06:06+00:00,2026-04-18T21:06:06Z,P004,Huevos,1,3.9,3.9
999,2026-04-18 21:06:13+00:00,2026-04-18T21:06:13Z,P007,Galletas,2,1.6,3.2
1042,2026-04-18 21:09:30+00:00,2026-04-18T21:09:30Z,P001,Café,1,2.5,2.5
133,2026-04-18 21:12:53+00:00,2026-04-18T21:12:53Z,P001,Café,2,2.5,5.0
1173,2026-04-18 21:14:09+00:00,2026-04-18T21:14:09Z,P006,Queso,3,4.5,13.5
685,2026-04-18 21:15:18+00:00,2026-04-18T21:15:18Z,P005,Arroz,3,2.1,6.3
628,2026-04-18 21:17:05+00:00,2026-04-18T21:17:05Z,P006,Queso,1,4.5,4.5
884,2026-04-18 21:18:28+00:00,2026-04-18T21:18:28Z,P003,Leche,1,1.8,1.8
320,2026-04-18 21:19:35+00:00,2026-04-18T21:19:35Z,P007,Galletas,2,1.6,3.2
561,2026-04-18 21:20:18+00:00,2026-04-18T21:20:18Z,P008,Jugo,4,2.9,11.6
7,2026-04-18 21:21:06+00:00,2026-04-18T21:21:06Z,P002,Pan,1,1.2,1.2
323,2026-04-18 21:21:49+00:00,2026-04-18T21:21:49Z,P008,Jugo,1,2.9,2.9
374,2026-04-18 21:23:28+00:00,2026-04-18T21:23:28Z,P002,Pan,2,1.2,2.4
651,2026-04-18 21:25:32+00:00,2026-04-18T21:25:32Z,P005,Arroz,2,2.1,4.2
725,2026-04-18 21:25:37+00:00,2026-04-18T21:25:37Z,P002,Pan,1,1.2,1.2
731,2026-04-18 21:25:54+00:00,2026-04-18T21:25:54Z,P001,Café,1,2.5,2.5
545,2026-04-18 21:27:11+00:00,2026-04-18T21:27:11Z,P007,Galletas,1,1.6,1.6
1192,2026-04-18 21:28:55+00:00,2026-04-18T21:28:55Z,P008,Jugo,2,2.9,5.8
529,2026-04-18 21:29:36+00:00,2026-04-18T21:29:36Z,P004,Huevos,5,3.9,19.5
1018,2026-04-18 21:29:43+00:00,2026-04-18T21:29:43Z,P008,Jugo,3,2.9,8.7
860,2026-04-18 21:32:54+00:00,2026-04-18T21:32:54Z,P008,Jugo,3,2.9,8.7
909,2026-04-18 21:33:04+00:00,2026-04-18T21:33:04Z,P003,Leche,1,1.8,1.8
918,2026-04-18 21:34:34+00:00,2026-04-18T21:34:34Z,P001,Café,2,2.5,5.0
939,2026-04-18 21:35:29+00:00,2026-04-18T21:35:29Z,P002,Pan,1,1.2,1.2
1122,2026-04-18 21:35:47+00:00,2026-04-18T21:35:47Z,P007,Galletas,2,1.6,3.2
727,2026-04-18 21:41:20+00:00,2026-04-18T21:41:20Z,P003,Leche,2,1.8,3.6
1058,2026-04-18 21:44:47+00:00,2026-04-18T21:44:47Z,P002,Pan,1,1.2,1.2
102,2026-04-18 21:47:10+00:00,2026-04-18T21:47:10Z,P002,Pan,1,1.2,1.2
1056,2026-04-18 21:47:37+00:00,2026-04-18T21:47:37Z,P008,Jugo,1,2.9,2.9
921,2026-04-18 21:47:43+00:00,2026-04-18T21:47:43Z,P003,Leche,1,1.8,1.8
397,2026-04-18 21:49:36+00:00,2026-04-18T21:49:36Z,P005,Arroz,2,2.1,4.2
439,2026-04-18 21:50:46+00:00,2026-04-18T21:50:46Z,P005,Arroz,1,2.1,2.1
441,2026-04-18 21:51:09+00:00,2026-04-18T21:51:09Z,P005,Arroz,1,2.1,2.1
187,2026-04-18 21:52:48+00:00,2026-04-18T21:52:48Z,P001,Café,1,2.5,2.5
181,2026-04-18 21:53:55+00:00,2026-04-18T21:53:55Z,P001,Café,5,2.5,12.5
448,2026-04-18 21:56:30+00:00,2026-04-18T21:56:30Z,P008,Jugo,2,2.9,5.8
19,2026-04-18 21:56:45+00:00,2026-04-18T21:56:45Z,P006,Queso,1,4.5,4.5
29,2026-04-18 21:56:46+00:00,2026-04-18T21:56:46Z,P005,Arroz,4,2.1,8.4
821,2026-04-18 21:57:20+00:00,2026-04-18T21:57:20Z,P004,Huevos,1,3.9,3.9
93,2026-04-18 22:07:24+00:00,2026-04-18T22:07:24Z,P004,Huevos,1,3.9,3.9
254,2026-04-18 22:08:34+00:00,2026-04-18T22:08:34Z,P005,Arroz,2,2.1,4.2
385,2026-04-18 22:08:39+00:00,2026-04-18T22:08:39Z,P002,Pan,1,1.2,1.2
681,2026-04-18 22:09:45+00:00,2026-04-18T22:09:45Z,P005,Arroz,1,2.1,2.1
1131,2026-04-18 22:13:54+00:00,2026-04-18T22:13:54Z,P006,Queso,1,4.5,4.5
204,2026-04-18 22:15:36+00:00,2026-04-18T22:15:36Z,P007,Galletas,1,1.6,1.6
437,2026-04-18 22:19:49+00:00,2026-04-18T22:19:49Z,P005,Arroz,2,2.1,4.2
899,2026-04-18 22:20:35+00:00,2026-04-18T22:20:35Z,P001,Café,1,2.5,2.5
647,2026-04-18 22:23:59+00:00,2026-04-18T22:23:59Z,P006,Queso,1,4.5,4.5
715,2026-04-18 22:24:22+00:00,2026-04-18T22:24:22Z,P003,Leche,1,1.8,1.8
777,2026-04-18 22:28:49+00:00,2026-04-18T22:28:49Z,P006,Queso,1,4.5,4.5
485,2026-04-18 22:29:43+00:00,2026-04-18T22:29:43Z,P007,Galletas,1,1.6,1.6
1090,2026-04-18 22:30:24+00:00,2026-04-18T22:30:24Z,P005,Arroz,4,2.1,8.4
36,2026-04-18 22:34:49+00:00,2026-04-18T22:34:49Z,P003,Leche,1,1.8,1.8
501,2026-04-18 22:35:33+00:00,2026-04-18T22:35:33Z,P003,Leche,1,1.8,1.8
1017,2026-04-18 22:36:30+00:00,2026-04-18T22:36:30Z,P004,Huevos,2,3.9,7.8
12,2026-04-18 22:54:14+00:00,2026-04-18T22:54:14Z,P002,Pan,1,1.2,1.2
236,2026-04-18 22:55:43+00:00,2026-04-18T22:55:43Z,P007,Galletas,4,1.6,6.4
744,2026-04-18 22:57:30+00:00,2026-04-18T22:57:30Z,P001,Café,1,2.5,2.5
1031,2026-04-18 22:58:32+00:00,2026-04-18T22:58:32Z,P005,Arroz,1,2.1,2.1
605,2026-04-18 23:06:47+00:00,2026-04-18T23:06:47Z,P004,Huevos,1,3.9,3.9
324,2026-04-18 23:09:04+00:00,2026-04-18T23:09:04Z,P005,Arroz,3,2.1,6.3
1089,2026-04-18 23:12:29+00:00,2026-04-18T23:12:29Z,P002,Pan,1,1.2,1.2
492,2026-04-18 23:14:52+00:00,2026-04-18T23:14:52Z,P006,Queso,2,4.5,9.0
225,2026-04-18 23:18:01+00:00,2026-04-18T23:18:01Z,P007,Galletas,1,1.6,1.6
169,2026-04-18 23:19:36+00:00,2026-04-18T23:19:36Z,P001,Café,2,2.5,5.0
222,2026-04-18 23:19:40+00:00,2026-04-18T23:19:40Z,P007,Galletas,2,1.6,3.2
606,2026-04-18 23:28:16+00:00,2026-04-18T23:28:16Z,P006,Queso,3,4.5,13.5
953,2026-04-18 23:30:41+00:00,2026-04-18T23:30:41Z,P003,Leche,1,1.8,1.8
23,2026-04-18 23:32:31+00:00,2026-04-18T23:32:31Z,P002,Pan,2,1.2,2.4
712,2026-04-18 23:33:22+00:00,2026-04-18T23:33:22Z,P004,Huevos,4,3.9,15.6
68,2026-04-18 23:41:33+00:00,2026-04-18T23:41:33Z,P001,Café,2,2.5,5.0
1160,2026-04-18 23:44:44+00:00,2026-04-18T23:44:44Z,P001,Café,1,2.5,2.5
1191,2026-04-18 23:48:13+00:00,2026-04-18T23:48:13Z,P002,Pan,1,1.2,1.2
803,2026-04-18 23:52:12+00:00,2026-04-18T23:52:12Z,P006,Queso,2,4.5,9.0
